invoiceno,stockcode,description,quantity,unitprice,customerid,country,invoicedate,invoicetime,invoicetype
536370,POST,POSTAGE,3,18.00,12583,France,12/1/2010,8:45,Purchase
536589,21777,RECIPE BOX WITH METAL HEART,10,0.00,11014,United Kingdom,12/1/2010,16:50,Return
536764,84952C,MIRROR LOVE BIRD T-LIGHT HOLDER,38,0.00,11020,United Kingdom,12/2/2010,14:42,Return
537425,84968F,check,20,0.00,11079,United Kingdom,12/6/2010,15:35,Return
537426,84968E,check,35,0.00,11080,United Kingdom,12/6/2010,15:36,Return
537432,35833G,damages,43,0.00,11083,United Kingdom,12/6/2010,16:10,Return
536996,22712,CARD DOLLY GIRL ,20,0.00,11037,United Kingdom,12/3/2010,15:30,Return
536997,22028,PENNY FARTHING BIRTHDAY CARD,20,0.00,11038,United Kingdom,12/3/2010,15:30,Return
536998,85067,CREAM SWEETHEART WALL CABINET,6,0.00,11039,United Kingdom,12/3/2010,15:30,Return
537000,21414,SCALLOP SHELL SOAP DISH,22,0.00,11041,United Kingdom,12/3/2010,15:32,Return
537004,21814,HEART T-LIGHT HOLDER ,30,0.00,11045,United Kingdom,12/3/2010,15:34,Return
537005,21692,SILVER LATTICE VANILLA CANDLE POT,70,0.00,11046,United Kingdom,12/3/2010,15:35,Return
537006,21648,ASSORTED TUTTI FRUTTI SMALL PURSE,130,0.00,11047,United Kingdom,12/3/2010,15:36,Return
538072,22423,faulty,13,0.00,11145,United Kingdom,12/9/2010,14:10,Return
538161,46000S,Dotcom sales,100,0.00,11175,United Kingdom,12/9/2010,17:25,Return
538162,46000M,Dotcom sales,100,0.00,11176,United Kingdom,12/9/2010,17:25,Return
537008,21161,KEEP OUT BOYS DOOR HANGER ,120,0.00,11049,United Kingdom,12/3/2010,15:37,Return
537009,84534B,FAIRY CAKE NOTEBOOK A5 SIZE,80,0.00,11050,United Kingdom,12/3/2010,15:38,Return
537010,22162,HEART GARLAND RUSTIC PADDED,40,0.00,11051,United Kingdom,12/3/2010,15:38,Return
537011,22139,RETROSPOT TEA SET CERAMIC 11 PC ,5,0.00,11052,United Kingdom,12/3/2010,15:38,Return
538124,M,Manual,4,0.50,15329,United Kingdom,12/9/2010,15:43,Return
537012,21535,RED RETROSPOT SMALL MILK JUG,12,0.00,11053,United Kingdom,12/3/2010,15:39,Return
536401,20726,LUNCH BAG WOODLAND,1,1.65,15862,United Kingdom,12/1/2010,11:21,Purchase
538350,21936,RED RETROSPOT PICNIC BAG,3,2.55,13798,United Kingdom,12/10/2010,15:01,Return
537013,35965,found some more on shelf,25,0.00,11054,United Kingdom,12/3/2010,15:40,Return
537015,37464,ROBOT MUG IN DISPLAY BOX,14,0.00,11056,United Kingdom,12/3/2010,15:41,Return
537016,21836,GINGHAM OVEN GLOVE RED HEART ,15,0.00,11057,United Kingdom,12/3/2010,15:41,Return
537017,47556B,TEA TIME TEA TOWELS ,69,0.00,11058,United Kingdom,12/3/2010,15:41,Return
537018,84562A,PINK/WHITE RIBBED MELAMINE JUG,3,0.00,11059,United Kingdom,12/3/2010,15:42,Return
537019,37474,SET/4 2 TONE EGG SHAPE MIXING BOWLS,15,0.00,11060,United Kingdom,12/3/2010,15:43,Return
537020,21807,WHITE CHRISTMAS STAR DECORATION,30,0.00,11061,United Kingdom,12/3/2010,15:43,Return
537021,21011,GLITTER SNOW PEAR TREE DECORATION,20,0.00,11062,United Kingdom,12/3/2010,15:43,Return
540010,22501,reverse 21/5/10 adjustment,100,0.00,11309,United Kingdom,1/4/2011,11:13,Return
540012,22502,reverse 21/5/10 adjustment,100,0.00,11311,United Kingdom,1/4/2011,11:14,Return
537027,18098C,PORCELAIN BUTTERFLY OIL BURNER,140,0.00,11064,United Kingdom,12/3/2010,16:36,Return
537028,21696,SMALL SILVER TRELLIS CANDLEPOT,320,0.00,11065,United Kingdom,12/3/2010,16:36,Return
540271,M,Manual,1,1126.00,12503,Spain,1/6/2011,11:51,Return
537029,37476,CONDIMENT TRAY 4 BOWLS AND 4 SPOONS,6,0.00,11066,United Kingdom,12/3/2010,16:37,Return
540392,21155,RED RETROSPOT PEG BAG,1,2.10,12753,Japan,1/6/2011,18:06,Return
537363,84569B,PACK 3 FIRE ENGINE/CAR PATCHES,20,0.00,11075,United Kingdom,12/6/2010,12:35,Return
537364,21027,NINJA RABBIT PINK,70,0.00,11076,United Kingdom,12/6/2010,12:36,Return
537401,84898F,YELLOW FLOWERS FELT HANDBAG KIT,24,0.00,11077,United Kingdom,12/6/2010,14:37,Return
"540564,22617,""mouldy, thrown away."",2600,0.00,11343,United Kingdom,1/10/2011,10:36,Return"
540638,72038P,damages,990,0.00,11345,United Kingdom,1/10/2011,12:14,Return
540650,85124C,GREEN JUICY FRUIT PHOTO FRAME,8,0.00,11347,United Kingdom,1/10/2011,14:59,Return
537427,84968B,SET OF 16 VINTAGE IVORY CUTLERY,21,0.00,11081,United Kingdom,12/6/2010,15:37,Return
536500,22712,CARD DOLLY GIRL ,12,0.42,17377,United Kingdom,12/1/2010,12:35,Purchase
537449,21054,NURSE'S BAG SOFT TOY,30,0.00,11090,United Kingdom,12/7/2010,9:26,Return
537450,20684,STRAWBERRY DREAM CHILDS UMBRELLA,19,0.00,11091,United Kingdom,12/7/2010,9:26,Return
537451,84881,BLUE WIRE SPIRAL CANDLE HOLDER,11,0.00,11092,United Kingdom,12/7/2010,9:27,Return
537452,20941,FROG CANDLE,24,0.00,11093,United Kingdom,12/7/2010,9:28,Return
540978,84050,counted,310,0.00,11374,United Kingdom,1/12/2011,15:04,Return
537453,21248,DOOR HANGER  MUM + DADS ROOM,18,0.00,11094,United Kingdom,12/7/2010,9:28,Return
537454,21349,IVY HEART WREATH,44,0.00,11095,United Kingdom,12/7/2010,9:30,Return
537455,22155,STAR DECORATION RUSTIC,70,0.00,11096,United Kingdom,12/7/2010,9:31,Return
537466,21488,RED WHITE SCARF  HOT WATER BOTTLE,50,0.00,11097,United Kingdom,12/7/2010,10:33,Return
537687,84840,SWEETHEART CARRY-ALL BASKET,9,0.00,11114,United Kingdom,12/8/2010,10:26,Return
537870,21486,PINK HEART DOTS HOT WATER BOTTLE,77,0.00,11118,United Kingdom,12/8/2010,17:08,Return
541685,22351,Given away,1400,0.00,11413,United Kingdom,1/20/2011,15:41,Return
541687,46000S,Dotcom,300,0.00,11414,United Kingdom,1/20/2011,15:42,Return
538042,21763,VINTAGE WOODEN BAR STOOL,4,0.00,11133,United Kingdom,12/9/2010,13:10,Return
538046,85008,SET OF 3 CONEY ISLAND OVAL BOXES,15,0.00,11137,United Kingdom,12/9/2010,13:12,Return
538047,21429,RED GINGHAM ROSE JEWELLERY BOX,70,0.00,11138,United Kingdom,12/9/2010,13:13,Return
542225,85096,label mix up,59,0.00,11446,United Kingdom,1/26/2011,13:10,Return
538055,22454,MEASURING TAPE BABUSHKA RED,20,0.00,11140,United Kingdom,12/9/2010,13:34,Return
538058,20966,SANDWICH BATH SPONGE,150,0.00,11141,United Kingdom,12/9/2010,13:38,Return
542361,85161,samples/damages,20,0.00,11451,United Kingdom,1/27/2011,12:47,Return
538061,21801,CHRISTMAS TREE DECORATION WITH BELL,38,0.00,11143,United Kingdom,12/9/2010,13:39,Return
538074,21743,STAR PORTABLE TABLE LIGHT ,80,0.00,11146,United Kingdom,12/9/2010,14:11,Return
538092,37467,PIG MUG IN TWO COLOUR DESIGNS,177,0.00,11148,United Kingdom,12/9/2010,14:49,Return
536544,20622,VIPPASSPORT COVER ,1,4.21,11002,United Kingdom,12/1/2010,14:32,Purchase
543257,84611B,thrown away,1430,0.00,11567,United Kingdom,2/4/2011,16:06,Return
543259,84612B,thrown away,162,0.00,11569,United Kingdom,2/4/2011,16:07,Return
543260,84613A,thrown away,230,0.00,11570,United Kingdom,2/4/2011,16:07,Return
543262,84614A,thrown away,390,0.00,11572,United Kingdom,2/4/2011,16:08,Return
543624,M,Manual,200,0.41,12931,United Kingdom,2/10/2011,15:33,Return
536367,22748,POPPY'S PLAYHOUSE KITCHEN,6,2.10,13047,United Kingdom,12/1/2010,8:34,Purchase
543827,84406B,incorrectly made-thrown away.,64,0.00,11624,United Kingdom,2/14/2011,9:44,Return
544703,22202,MILK PAN PINK POLKADOT,114,0.00,11677,United Kingdom,2/23/2011,10:35,Return
545446,22654,DELUXE SEWING KIT ,2,4.95,12753,Japan,3/2/2011,16:33,Return
538173,22353,LUNCH BOX WITH CUTLERY FAIRY CAKES ,28,0.00,11177,United Kingdom,12/10/2010,9:35,Return
545857,20681,MIA,154,0.00,11750,United Kingdom,3/7/2011,13:56,Return
545236,22797,damages,15,0.00,11706,United Kingdom,3/1/2011,10:32,Return
545401,21769,showroom,5,0.00,11712,United Kingdom,3/2/2011,12:03,Return
545402,22862,LOVE HEART NAPKIN BOX ,33,0.00,11713,United Kingdom,3/2/2011,12:07,Return
538837,85135B,Found,40,0.00,11198,United Kingdom,12/14/2010,13:10,Return
546146,20752,check,40,0.00,11784,United Kingdom,3/9/2011,16:41,Return
546204,POST,POSTAGE,1,1.72,13599,United Kingdom,3/10/2011,11:13,Return
545990,84598,check,3000,0.00,11755,United Kingdom,3/8/2011,13:07,Return
538906,21895,POTTING SHED SOW 'N' GROW SET,5,0.00,11208,United Kingdom,12/15/2010,10:31,Return
546016,85172,Dotcom set,675,0.00,11761,United Kingdom,3/8/2011,17:21,Return
546018,85172,wrongly sold as sets,600,0.00,11762,United Kingdom,3/8/2011,17:23,Return
546020,85175,Amazon sold sets,210,0.00,11763,United Kingdom,3/8/2011,17:27,Return
546021,85175,dotcom sold sets,345,0.00,11764,United Kingdom,3/8/2011,17:27,Return
546023,85175,wrongly sold sets,975,0.00,11765,United Kingdom,3/8/2011,17:29,Return
546124,35610C,Thrown away.,1121,0.00,11772,United Kingdom,3/9/2011,14:50,Return
546126,35611B,thrown away,27,0.00,11773,United Kingdom,3/9/2011,14:52,Return
546129,35610B,thrown away,541,0.00,11774,United Kingdom,3/9/2011,15:07,Return
546130,35610A,thrown away,1277,0.00,11775,United Kingdom,3/9/2011,15:08,Return
546137,20893,damages/display,197,0.00,11777,United Kingdom,3/9/2011,16:33,Return
546140,21527,damages,30,0.00,11780,United Kingdom,3/9/2011,16:35,Return
546142,40016,damaged stock,1100,0.00,11782,United Kingdom,3/9/2011,16:37,Return
546147,21320,broken,63,0.00,11785,United Kingdom,3/9/2011,16:42,Return
546152,72140F,throw away,5368,0.00,11790,United Kingdom,3/9/2011,17:25,Return
546407,22719,wrong barcode (22467),178,0.00,11809,United Kingdom,3/11/2011,16:24,Return
546409,21833,damages,110,0.00,11811,United Kingdom,3/11/2011,16:27,Return
546905,M,Manual,48,0.45,15061,United Kingdom,3/17/2011,18:42,Return
546997,22711,WRAP CIRCUS PARADE,25,0.42,12748,United Kingdom,3/18/2011,13:32,Return
539980,35001W,HAND OPEN SHAPE DECO.WHITE,36,0.00,11294,United Kingdom,12/23/2010,14:34,Return
539994,22830,UTILTY CABINET WITH HOOKS,1,0.00,11300,United Kingdom,1/4/2011,10:09,Return
539995,85064,CREAM SWEETHEART LETTER RACK,12,0.00,11301,United Kingdom,1/4/2011,10:12,Return
547336,21689,wrong barcode,323,0.00,11869,United Kingdom,3/22/2011,11:45,Return
547337,85025C,barcode problem,230,0.00,11870,United Kingdom,3/22/2011,11:47,Return
547560,72732,thrown away-can't sell,2472,0.00,11919,United Kingdom,3/23/2011,17:28,Return
547852,22045,SPACEBOY GIFT WRAP,25,0.42,15065,United Kingdom,3/27/2011,12:11,Return
539999,20892,SET/3 TALL GLASS CANDLE HOLDER PINK,1,0.00,11305,United Kingdom,1/4/2011,10:16,Return
540000,84499,BLACK FLOWER CANDLE PLATE,9,0.00,11306,United Kingdom,1/4/2011,10:17,Return
540008,85230F,JASMINE VOTIVE CANDLE,48,0.00,11307,United Kingdom,1/4/2011,11:10,Return
540009,22158,3 HEARTS HANGING DECORATION RUSTIC,120,0.00,11308,United Kingdom,1/4/2011,11:10,Return
548380,22127,Dotcom sold in 6's,60,0.00,12020,United Kingdom,3/30/2011,16:44,Return
548394,82494L,cracked,39,0.00,12029,United Kingdom,3/30/2011,17:18,Return
548396,22719,sold as 22467,25,0.00,12031,United Kingdom,3/30/2011,17:21,Return
548620,84313B,Damaged,32,0.00,12052,United Kingdom,4/1/2011,11:53,Return
548662,82494L,WOODEN FRAME ANTIQUE WHITE ,180,0.00,12059,United Kingdom,4/1/2011,14:31,Return
548693,22720,SET OF 3 CAKE TINS PANTRY DESIGN ,60,0.00,12074,United Kingdom,4/1/2011,17:25,Return
540119,22865,HAND WARMER OWL DESIGN,60,0.00,11316,United Kingdom,1/5/2011,10:07,Return
540241,35957,SMALLFOLKART BAUBLE CHRISTMAS DEC,939,0.00,11322,United Kingdom,1/5/2011,15:17,Return
540252,22198,LARGE POPCORN HOLDER ,100,0.00,11323,United Kingdom,1/5/2011,16:25,Return
548999,84743C,damages,26,0.00,12097,United Kingdom,4/5/2011,14:34,Return
540272,90096,NECKLACE+BRACELET SET BLUE BLOSSOM,54,0.00,11326,United Kingdom,1/6/2011,11:57,Return
549156,17013D,ORIGAMI ROSE INCENSE IN TUBE,9,0.00,12147,United Kingdom,4/6/2011,17:11,Return
540369,47591D,PINK FAIRY CAKE CHILDRENS APRON,201,0.00,11330,United Kingdom,1/6/2011,16:20,Return
549427,22797,damages,12,0.00,12206,United Kingdom,4/8/2011,11:56,Return
549527,21620,mystery! Only ever imported 1800,1479,0.00,12234,United Kingdom,4/8/2011,16:03,Return
"549529,21830,""MERCHANT CHANDLER CREDIT ERROR, STO"",576,0.00,12236,United Kingdom,4/8/2011,16:56,Return"
549846,21100,Damaged,6,0.00,12248,United Kingdom,4/12/2011,14:30,Return
549935,35915C,damaged,43,0.00,12252,United Kingdom,4/13/2011,11:16,Return
549948,37488A,damaged,1,0.00,12253,United Kingdom,4/13/2011,12:55,Return
549950,37487B,Damaged,6,0.00,12254,United Kingdom,4/13/2011,12:57,Return
549952,37482P,Damaged,93,0.00,12255,United Kingdom,4/13/2011,13:05,Return
550153,85167B,DAMAGED,1,0.00,12261,United Kingdom,4/14/2011,14:44,Return
540549,21587,COSY HOUR GIANT TUBE MATCHES,53,0.00,11338,United Kingdom,1/10/2011,9:07,Return
540637,21275,ZINC TOP  2 DOOR WOODEN SHELF ,5,0.00,11344,United Kingdom,1/10/2011,12:13,Return
540778,84029E,RED WOOLLY HOTTIE WHITE HEART.,50,0.00,11365,United Kingdom,1/11/2011,11:15,Return
578837,35833P,check,24,0.00,14381,United Kingdom,11/25/2011,15:51,Return
578838,21591,check,267,0.00,14382,United Kingdom,11/25/2011,15:52,Return
540678,21667,GLASS CAKE COVER AND PLATE,1,0.00,11354,United Kingdom,1/10/2011,16:21,Return
550540,POST,POSTAGE,1,3.82,14339,United Kingdom,4/19/2011,11:31,Return
540679,21667,GLASS CAKE COVER AND PLATE,1,0.00,11355,United Kingdom,1/10/2011,16:21,Return
540684,35271S,GOLD PRINT PAPER BAG,13,0.00,11358,United Kingdom,1/10/2011,17:01,Return
578839,22959,check,175,0.00,14383,United Kingdom,11/25/2011,15:52,Return
536605,22107,PIZZA PLATE IN BOX,8,3.75,13715,United Kingdom,12/2/2010,8:52,Purchase
550753,84763,Display,150,0.00,12294,United Kingdom,4/20/2011,11:53,Return
550800,22458,Missing,65,0.00,12302,United Kingdom,4/20/2011,14:48,Return
550908,20827,damages,68,0.00,12305,United Kingdom,4/21/2011,12:39,Return
550922,22784,damages,25,0.00,12306,United Kingdom,4/21/2011,14:29,Return
551735,21656,samples,19,0.00,12453,United Kingdom,5/4/2011,10:25,Return
578840,22142,check,70,0.00,14384,United Kingdom,11/25/2011,15:54,Return
550954,47013A,damaged,2,0.00,12321,United Kingdom,4/21/2011,16:18,Return
551020,22719,wrong code,110,0.00,12345,United Kingdom,4/26/2011,11:19,Return
541000,21632,VINTAGE PINK DECORATIVE PARASOL,41,0.00,11378,United Kingdom,1/13/2011,10:11,Return
551243,51020B,adjust,53,0.00,12354,United Kingdom,4/27/2011,11:49,Return
551302,48189,damaged,18,0.00,12355,United Kingdom,4/27/2011,14:55,Return
551323,21398,damages,9,0.00,12363,United Kingdom,4/27/2011,15:31,Return
551327,84228,crushed,4,0.00,12367,United Kingdom,4/27/2011,16:01,Return
551705,22655,damages/showroom etc,11,0.00,12447,United Kingdom,5/3/2011,14:35,Return
551837,79164,damages/credits from ASOS.,1512,0.00,12454,United Kingdom,5/4/2011,13:23,Return
541482,22837,HOT WATER BOTTLE BABUSHKA LARGE,35,0.00,11395,United Kingdom,1/18/2011,12:32,Return
541487,85118,HEART T-LIGHT HOLDER,35,0.00,11396,United Kingdom,1/18/2011,13:19,Return
541519,21429,RED GINGHAM ROSE JEWELLERY BOX,15,0.00,11406,United Kingdom,1/19/2011,9:11,Return
552443,22796,Not rcvd in 10/11/2010 delivery,360,0.00,12497,United Kingdom,5/9/2011,13:05,Return
541702,22451,SILK PURSE BABUSHKA RED,30,0.00,11419,United Kingdom,1/21/2011,9:44,Return
541601,22632,HAND WARMER RED RETROSPOT,84,0.00,11410,United Kingdom,1/19/2011,16:48,Return
541802,20854,BLUE PATCH PURSE PINK HEART,80,0.00,11420,United Kingdom,1/21/2011,14:45,Return
541967,84823,DANISH ROSE FOLDING CHAIR,3,0.00,11432,United Kingdom,1/24/2011,13:35,Return
552733,23059,Thrown away-rusty,2376,0.00,12534,United Kingdom,5/11/2011,10:48,Return
552766,22084,PAPER CHAIN KIT EMPIRE,56,0.00,12536,United Kingdom,5/11/2011,11:41,Return
553147,84879,damaged,160,0.00,12550,United Kingdom,5/13/2011,13:58,Return
542362,20699,MOUSEY LONG LEGS SOFT TOY,16,0.00,11452,United Kingdom,1/27/2011,12:49,Return
536637,22654,DELUXE SEWING KIT ,1,5.95,18041,United Kingdom,12/2/2010,11:35,Purchase
553391,37370,sold as set/6 by dotcom,786,0.00,12562,United Kingdom,5/16/2011,16:42,Return
553396,22423,damages,21,0.00,12566,United Kingdom,5/16/2011,16:48,Return
553400,20803,damages,40,0.00,12569,United Kingdom,5/16/2011,17:09,Return
536639,21872,GLAMOROUS  MUG,12,1.25,15111,United Kingdom,12/2/2010,11:45,Purchase
554790,22961,JAM MAKING SET PRINTED,4,1.45,14911,EIRE,5/26/2011,12:10,Return
542365,21897,POTTING SHED CANDLE CITRONELLA,22,0.00,11455,United Kingdom,1/27/2011,12:51,Return
542367,82583,HOT BATHS METAL SIGN,30,0.00,11456,United Kingdom,1/27/2011,12:57,Return
554128,84563A,damaged,4,0.00,12616,United Kingdom,5/23/2011,9:26,Return
554143,79030G,damages,413,0.00,12618,United Kingdom,5/23/2011,10:40,Return
554144,79030D,damages,664,0.00,12619,United Kingdom,5/23/2011,10:42,Return
554287,22700,smashed,48,0.00,12627,United Kingdom,5/23/2011,14:17,Return
542379,35922,EASTER BUNNY WREATH,30,0.00,11459,United Kingdom,1/27/2011,13:58,Return
554551,47566B,reverse previous adjustment,1300,0.00,12656,United Kingdom,5/25/2011,9:58,Return
554553,47566B,incorrectly credited C550456 see 47,1300,0.00,12657,United Kingdom,5/25/2011,9:59,Return
542380,84917,WHITE HAND TOWEL WITH BUTTERFLY,50,0.00,11460,United Kingdom,1/27/2011,13:59,Return
536367,22749,FELTCRAFT PRINCESS CHARLOTTE DOLL,8,3.75,13047,United Kingdom,12/1/2010,8:34,Purchase
555273,21535,RED RETROSPOT SMALL MILK JUG,2,2.55,12708,Germany,6/1/2011,16:33,Return
542392,84227,HEN HOUSE W CHICK IN NEST,2,0.00,11463,United Kingdom,1/27/2011,14:56,Return
542396,22146,EASTER CRAFT IVY WREATH WITH CHICK,4,0.00,11465,United Kingdom,1/27/2011,15:12,Return
555331,84800L,wet damaged,144,0.00,12711,United Kingdom,6/2/2011,11:11,Return
555332,84801A,wet damaged,48,0.00,12712,United Kingdom,6/2/2011,11:11,Return
555333,84805B,wet damaged,96,0.00,12713,United Kingdom,6/2/2011,11:12,Return
555334,84805A,wet damaged,96,0.00,12714,United Kingdom,6/2/2011,11:12,Return
555503,84313C,damaged,1,0.00,12725,United Kingdom,6/3/2011,15:39,Return
555505,79030G,Water damaged,16,0.00,12726,United Kingdom,6/3/2011,15:48,Return
555506,21397,damaged,57,0.00,12727,United Kingdom,6/3/2011,16:03,Return
556046,21890,missing,140,0.00,12747,United Kingdom,6/8/2011,12:56,Return
556012,15044B,BLUE PAPER PARASOL ,27,0.00,12742,United Kingdom,6/8/2011,11:45,Return
536743,22045,SPACEBOY GIFT WRAP,25,0.42,17964,United Kingdom,12/2/2010,13:32,Purchase
556640,22283,6 EGG HOUSE PAINTED WOOD,2,7.95,13148,United Kingdom,6/13/2011,15:44,Return
557596,23114,Damaged,1440,0.00,12899,United Kingdom,6/21/2011,11:33,Return
556122,85019C,Damaged,108,0.00,12767,United Kingdom,6/9/2011,10:12,Return
556123,22272,Damaged,15,0.00,12768,United Kingdom,6/9/2011,10:13,Return
556233,21136,sold as set on dotcom,272,0.00,12775,United Kingdom,6/9/2011,15:20,Return
556242,21700,sold as set on dotcom and amazon,1206,0.00,12777,United Kingdom,6/9/2011,16:06,Return
556260,37340,sold as set on dotcom,18,0.00,12779,United Kingdom,6/9/2011,18:02,Return
556261,79051A,sold as set on dotcom,6,0.00,12780,United Kingdom,6/9/2011,18:03,Return
556262,37327,sold as set on dotcom,95,0.00,12781,United Kingdom,6/9/2011,18:04,Return
556301,22968,water damage,50,0.00,12789,United Kingdom,6/10/2011,10:18,Return
556306,37479B,sold as set by dotcom,30,0.00,12790,United Kingdom,6/10/2011,10:38,Return
556307,37479P,sold as set on dotcom,30,0.00,12791,United Kingdom,6/10/2011,10:39,Return
556308,22130,sold as set on dotcom,390,0.00,12792,United Kingdom,6/10/2011,10:43,Return
556309,22856,sold as set on dotcom,30,0.00,12793,United Kingdom,6/10/2011,10:44,Return
556310,22944,sold as set on dotcom,42,0.00,12794,United Kingdom,6/10/2011,10:44,Return
556311,37471,sold as set on dotcom,12,0.00,12795,United Kingdom,6/10/2011,10:45,Return
556312,22924,sold as set on dotcom,30,0.00,12796,United Kingdom,6/10/2011,10:46,Return
556313,22923,sold as set on dotcom,12,0.00,12797,United Kingdom,6/10/2011,10:46,Return
556314,23155,sold as set on dotcom,84,0.00,12798,United Kingdom,6/10/2011,10:47,Return
556315,22948,sold as set on dotcom,108,0.00,12799,United Kingdom,6/10/2011,10:47,Return
556316,22128,sold as set on dotcom,24,0.00,12800,United Kingdom,6/10/2011,10:48,Return
556317,22857,sold as set on dotcom,48,0.00,12801,United Kingdom,6/10/2011,10:48,Return
556319,22945,sold as set on dotcom,618,0.00,12802,United Kingdom,6/10/2011,10:49,Return
556320,22922,sold as set on dotcom,42,0.00,12803,United Kingdom,6/10/2011,10:50,Return
556321,79163,sold as set on dotcom,24,0.00,12804,United Kingdom,6/10/2011,10:50,Return
556322,22915,sold as set on dotcom,204,0.00,12805,United Kingdom,6/10/2011,10:51,Return
556687,23003,Printing smudges/thrown away,9058,0.00,12825,United Kingdom,6/14/2011,10:36,Return
556690,23005,printing smudges/thrown away,9600,0.00,12826,United Kingdom,6/14/2011,10:37,Return
556691,23005,printing smudges/thrown away,9600,0.00,12827,United Kingdom,6/14/2011,10:37,Return
556963,35965,found some more on shelf,9,0.00,12858,United Kingdom,6/16/2011,9:40,Return
557108,23113,Damaged,1440,0.00,12867,United Kingdom,6/16/2011,15:58,Return
558318,85232A,SET/3 POLKADOT STACKING TINS,14,0.00,12953,United Kingdom,6/28/2011,11:52,Return
557390,21360,Show Samples,4,0.00,12881,United Kingdom,6/20/2011,11:12,Return
557417,84809B,damaged,324,0.00,12884,United Kingdom,6/20/2011,11:51,Return
557597,23115,Damaged,1440,0.00,12900,United Kingdom,6/21/2011,11:33,Return
557599,23116,Damaged,1440,0.00,12901,United Kingdom,6/21/2011,11:34,Return
557600,23117,Damaged,1440,0.00,12902,United Kingdom,6/21/2011,11:35,Return
542544,17165D,ASS COL LARGE SAND FROG P'WEIGHT,10,0.00,11487,United Kingdom,1/28/2011,14:43,Return
557784,21421,damaged,5,0.00,12917,United Kingdom,6/22/2011,15:49,Return
542546,20734,SILVER MINI TAPE MEASURE ,1,0.00,11489,United Kingdom,1/28/2011,14:44,Return
542548,20892,SET/3 TALL GLASS CANDLE HOLDER PINK,1,0.00,11491,United Kingdom,1/28/2011,14:45,Return
542550,20910,VINTAGE PHOTO ALBUM PARIS DAYS,1,0.00,11492,United Kingdom,1/28/2011,14:45,Return
558268,21351,damaged,220,0.00,12946,United Kingdom,6/28/2011,10:17,Return
558306,85232D,mix up with c,118,0.00,12948,United Kingdom,6/28/2011,10:59,Return
542552,21645,ASSORTED TUTTI FRUTTI ROUND BOX,1,0.00,11494,United Kingdom,1/28/2011,14:47,Return
558476,84597B,damages,6,0.00,12979,United Kingdom,6/29/2011,16:04,Return
542554,21836,GINGHAM OVEN GLOVE RED HEART ,1,0.00,11496,United Kingdom,1/28/2011,14:49,Return
558723,84865,damaged,7,0.00,12995,United Kingdom,7/1/2011,14:28,Return
558730,22060,damaged,1,0.00,12999,United Kingdom,7/1/2011,14:51,Return
558728,20826,SILVER APERITIF GLASS,1,0.00,12998,United Kingdom,7/1/2011,14:50,Return
536796,22174,PHOTO CUBE,1,1.65,15574,United Kingdom,12/2/2010,15:46,Purchase
542557,22765,NEWSPAPER STAND,1,0.00,11499,United Kingdom,1/28/2011,14:50,Return
542560,47579,TEA TIME BREAKFAST BASKET,1,0.00,11502,United Kingdom,1/28/2011,14:51,Return
542562,84499,BLACK FLOWER CANDLE PLATE,1,0.00,11504,United Kingdom,1/28/2011,14:52,Return
542567,84975,HEART SHAPED MIRROR,1,0.00,11509,United Kingdom,1/28/2011,14:53,Return
542569,85028L,FRENCH CHATEAU LARGE FRUIT BOWL ,1,0.00,11510,United Kingdom,1/28/2011,14:53,Return
542570,85028S,FRENCH CHATEAU SMALL FRUITBOWL,1,0.00,11511,United Kingdom,1/28/2011,14:53,Return
542571,85031C,CURIOUS IMAGES SCRAP BOOK SET,1,0.00,11512,United Kingdom,1/28/2011,14:54,Return
542572,85064,CREAM SWEETHEART LETTER RACK,1,0.00,11513,United Kingdom,1/28/2011,14:54,Return
542574,85119,WATERING CAN SINGLE HOOK PISTACHIO,1,0.00,11515,United Kingdom,1/28/2011,14:55,Return
559952,21258,VICTORIAN SEWING BOX LARGE,2,6.95,17696,United Kingdom,7/14/2011,10:57,Return
559792,21067,VINTAGE RED TEATIME MUG,66,0.00,13088,United Kingdom,7/12/2011,12:31,Return
542575,85126,LARGE ROUND CUTGLASS CANDLESTICK,1,0.00,11516,United Kingdom,1/28/2011,14:55,Return
542577,85232B,SET OF 3 BABUSHKA STACKING TINS,1,0.00,11518,United Kingdom,1/28/2011,14:56,Return
560572,M,Manual,1,112.35,17065,United Kingdom,7/19/2011,14:45,Return
542879,22242,5 HOOK HANGER MAGIC TOADSTOOL,19,0.00,11536,United Kingdom,2/1/2011,12:52,Return
560039,20713,wrongly marked. 23343 in box,3100,0.00,13104,United Kingdom,7/14/2011,14:27,Return
542882,22162,HEART GARLAND RUSTIC PADDED,40,0.00,11538,United Kingdom,2/1/2011,12:55,Return
542883,21448,12 DAISY PEGS IN WOOD BOX,40,0.00,11539,United Kingdom,2/1/2011,13:07,Return
542884,84748,FOLK FELT HANGING MULTICOL GARLAND,52,0.00,11540,United Kingdom,2/1/2011,13:08,Return
542885,84465,15 PINK FLUFFY CHICKS IN BOX,6,0.00,11541,United Kingdom,2/1/2011,13:08,Return
560717,84576,damaged,3,0.00,13176,United Kingdom,7/20/2011,13:28,Return
543265,84872A,TEATIME FUNKY FLOWER BACKPACK FOR 2,4,0.00,11574,United Kingdom,2/4/2011,17:23,Return
543034,85049F,BABY BOOM RIBBONS ,130,0.00,11552,United Kingdom,2/2/2011,15:50,Return
543035,35004C,SET OF 3 COLOURED  FLYING DUCKS,206,0.00,11553,United Kingdom,2/2/2011,15:51,Return
561103,85103,stock creditted wrongly,32,0.00,13213,United Kingdom,7/25/2011,11:23,Return
561107,84763,ZINC FINISH 15CM PLANTER POTS,5,0.00,13214,United Kingdom,7/25/2011,11:42,Return
543194,21355,TOAST ITS - I LOVE YOU ,217,0.00,11561,United Kingdom,2/4/2011,12:25,Return
561249,DCGS0073,ebay,4,0.00,13223,United Kingdom,7/26/2011,11:51,Return
561252,DCGS0069,ebay,5,0.00,13226,United Kingdom,7/26/2011,11:52,Return
561253,DCGS0068,ebay,10,0.00,13227,United Kingdom,7/26/2011,11:52,Return
561254,DCGS0067,ebay,11,0.00,13228,United Kingdom,7/26/2011,11:52,Return
561256,DCGS0003,ebay,7,0.00,13230,United Kingdom,7/26/2011,11:53,Return
561326,21294,damaged,227,0.00,13234,United Kingdom,7/26/2011,13:50,Return
549458,62097B,BLUE STRIPES SHOULDER BAG,6,0.00,12212,United Kingdom,4/8/2011,14:19,Return
561663,22501,incorrectly put back into stock,108,0.00,13301,United Kingdom,7/28/2011,16:40,Return
561920,84352,Damages/samples,52,0.00,13315,United Kingdom,8/1/2011,12:10,Return
549461,20731,POSY CANDY BAG,16,0.00,12215,United Kingdom,4/8/2011,14:20,Return
543261,84613C,BLUE NEW BAROQUE FLOCK CANDLESTICK,173,0.00,11571,United Kingdom,2/4/2011,16:08,Return
562278,21391,Sold as 1 on dotcom,342,0.00,13330,United Kingdom,8/4/2011,10:27,Return
562352,21735,damages,59,0.00,13333,United Kingdom,8/4/2011,13:12,Return
543269,84638,SMALL KITCHEN FLOWER POTS PLAQUE,18,0.00,11578,United Kingdom,2/4/2011,17:25,Return
564914,85132C,damages,109,0.00,13452,United Kingdom,8/31/2011,12:40,Return
543270,84631,FRUIT TREE AND BIRDS WALL PLAQUE,19,0.00,11579,United Kingdom,2/4/2011,17:25,Return
543271,21087,SET/6 POSIES PAPER CUPS,6,0.00,11580,United Kingdom,2/4/2011,17:26,Return
543310,35954,SMALL FOLKART STAR CHRISTMAS DEC,234,0.00,11582,United Kingdom,2/7/2011,12:10,Return
"543552,22847,""BREAD BIN, DINER STYLE, IVORY"",10,0.00,11608,United Kingdom,2/10/2011,10:05,Return"
563453,21033,taig adjust no stock,24,0.00,13391,United Kingdom,8/16/2011,14:34,Return
563650,79163,sold as set on dotcom,156,0.00,13398,United Kingdom,8/18/2011,10:43,Return
543521,22769,CHALKBOARD KITCHEN ORGANISER,6,0.00,11600,United Kingdom,2/9/2011,11:49,Return
543545,22627,MINT KITCHEN SCALES,11,0.00,11606,United Kingdom,2/9/2011,15:50,Return
543654,22525,CHILDRENS GARDEN GLOVES PINK,57,0.00,11610,United Kingdom,2/11/2011,10:29,Return
543655,21717,EASTER TIN BUCKET,42,0.00,11611,United Kingdom,2/11/2011,10:30,Return
543656,84801B,WHITE HYDRANGEA ART FLOWER,44,0.00,11612,United Kingdom,2/11/2011,10:30,Return
536876,22419,LIPSTICK PEN RED,7,0.85,11028,United Kingdom,12/3/2010,11:36,Purchase
543783,20966,SANDWICH BATH SPONGE,41,0.00,11621,United Kingdom,2/11/2011,16:45,Return
544046,21785,RAIN PONCHO ,140,0.00,11631,United Kingdom,2/15/2011,12:34,Return
565308,21829,sold as 1,432,0.00,13503,United Kingdom,9/2/2011,12:22,Return
565370,82494L,crushed ctn,33,0.00,13510,United Kingdom,9/2/2011,15:04,Return
565371,82483,crushed,13,0.00,13511,United Kingdom,9/2/2011,15:04,Return
567143,21179,damaged,14,0.00,13610,United Kingdom,9/16/2011,15:02,Return
544063,22837,HOT WATER BOTTLE BABUSHKA LARGE,9,0.00,11632,United Kingdom,2/15/2011,13:37,Return
544086,21785,RAIN PONCHO ,7,0.00,11636,United Kingdom,2/15/2011,16:49,Return
544343,22867,HAND WARMER BIRD DESIGN,99,0.00,11655,United Kingdom,2/18/2011,9:45,Return
565935,23064,Crushed,8,0.00,13537,United Kingdom,9/8/2011,10:46,Return
566122,23084,temp adjustment,484,0.00,13547,United Kingdom,9/9/2011,10:57,Return
544346,22114,HOT WATER BOTTLE TEA AND SYMPATHY,21,0.00,11658,United Kingdom,2/18/2011,9:50,Return
567627,M,Manual,1,10.65,17511,United Kingdom,9/21/2011,13:01,Return
544347,22114,HOT WATER BOTTLE TEA AND SYMPATHY,4,0.00,11659,United Kingdom,2/18/2011,9:51,Return
544396,62094B,TURQ ICE CREAM BUM BAG ,92,0.00,11661,United Kingdom,2/18/2011,12:16,Return
536367,22310,IVORY KNITTED MUG COSY ,6,1.65,13047,United Kingdom,12/1/2010,8:34,Purchase
544554,22588,CARD HOLDER GINGHAM HEART,41,0.00,11669,United Kingdom,2/21/2011,12:12,Return
544579,21651,HANGING GLASS ETCHED TEALIGHT,6,0.00,11670,United Kingdom,2/21/2011,14:05,Return
544832,62096A,PINK/YELLOW FLOWERS HANDBAG,88,0.00,11688,United Kingdom,2/24/2011,10:05,Return
567132,21830,OOPS ! adjustment,384,0.00,13606,United Kingdom,9/16/2011,14:14,Return
567113,85215,Damaged,29,0.00,13601,United Kingdom,9/16/2011,13:39,Return
567125,21246,damaged,2,0.00,13602,United Kingdom,9/16/2011,13:49,Return
567127,85230E,Damaged,48,0.00,13603,United Kingdom,9/16/2011,14:01,Return
567149,35607B,thrown away,9,0.00,13612,United Kingdom,9/16/2011,15:29,Return
567150,35817P,thrown away,44,0.00,13613,United Kingdom,9/16/2011,15:29,Return
544834,90200C,BLUE SWEETHEART BRACELET,33,0.00,11689,United Kingdom,2/24/2011,10:15,Return
545127,22024,RAINY LADIES BIRTHDAY CARD,50,0.00,11697,United Kingdom,2/28/2011,12:04,Return
545135,22028,PENNY FARTHING BIRTHDAY CARD,30,0.00,11698,United Kingdom,2/28/2011,12:06,Return
536983,POST,POSTAGE,1,18.00,12712,Germany,12/3/2010,14:30,Purchase
545548,77101A,UNION FLAG WINDSOCK,87,0.00,11718,United Kingdom,3/3/2011,15:08,Return
567921,21089,damaged,7,0.00,13653,United Kingdom,9/22/2011,17:24,Return
567923,37343,damaged,2,0.00,13654,United Kingdom,9/22/2011,17:24,Return
567925,84876D,damaged,2,0.00,13655,United Kingdom,9/22/2011,17:26,Return
567927,21654,Damaged,3,0.00,13657,United Kingdom,9/22/2011,17:28,Return
567931,84563B,damaged,11,0.00,13658,United Kingdom,9/22/2011,17:38,Return
567933,84422,Dagamed,30,0.00,13660,United Kingdom,9/22/2011,17:49,Return
568080,44236,PINK/PURPLE CIRCLE CURTAIN,2,0.00,13668,United Kingdom,9/23/2011,14:35,Return
545549,15058B,PINK POLKADOT GARDEN PARASOL,61,0.00,11719,United Kingdom,3/3/2011,15:10,Return
545552,22021,BLUE FELT EASTER EGG BASKET,20,0.00,11721,United Kingdom,3/3/2011,15:11,Return
545554,22988,SOLDIERS EGG CUP ,70,0.00,11723,United Kingdom,3/3/2011,15:12,Return
545560,37464,ROBOT MUG IN DISPLAY BOX,2,0.00,11724,United Kingdom,3/3/2011,16:12,Return
568401,21394,damages,35,0.00,13688,United Kingdom,9/27/2011,10:30,Return
570185,21090,WET/MOULDY,192,0.00,13810,United Kingdom,10/7/2011,14:56,Return
545561,37379A,PINK CHERRY BLOSSOM CUP & SAUCER,9,0.00,11725,United Kingdom,3/3/2011,16:12,Return
568442,37327,damages,131,0.00,13696,United Kingdom,9/27/2011,11:31,Return
570193,22449,can't find,125,0.00,13812,United Kingdom,10/7/2011,15:32,Return
545563,20671,BLUE TEATIME PRINT BOWL ,22,0.00,11727,United Kingdom,3/3/2011,16:13,Return
545567,37444B,BLUE BREAKFAST CUP AND SAUCER ,3,0.00,11731,United Kingdom,3/3/2011,16:14,Return
568724,84816,damages,21,0.00,13710,United Kingdom,9/28/2011,16:27,Return
545598,22080,RIBBON REEL POLKADOTS ,278,0.00,11736,United Kingdom,3/4/2011,11:16,Return
569131,22927,damaged,5,0.00,13721,United Kingdom,9/30/2011,13:49,Return
569256,20774,damaged,14,0.00,13727,United Kingdom,10/3/2011,11:15,Return
545599,22272,FELTCRAFT DOLL MARIA,140,0.00,11737,United Kingdom,3/4/2011,11:17,Return
569464,23268,Incorrect stock entry.,1440,0.00,13749,United Kingdom,10/4/2011,11:40,Return
569465,23269,incorrect stock entry.,1440,0.00,13750,United Kingdom,10/4/2011,11:41,Return
569466,23270,incorrect stock entry.,2880,0.00,13751,United Kingdom,10/4/2011,11:42,Return
545600,85160A,WHITE BIRD GARDEN DESIGN MUG,21,0.00,11738,United Kingdom,3/4/2011,11:45,Return
569831,20713,wrongly coded-23343,800,0.00,13769,United Kingdom,10/6/2011,12:38,Return
569854,35954,counted,430,0.00,13770,United Kingdom,10/6/2011,14:26,Return
569875,90195A,check,45,0.00,13775,United Kingdom,10/6/2011,15:07,Return
569876,90210D,check,28,0.00,13776,United Kingdom,10/6/2011,15:08,Return
569878,90057,crushed boxes,380,0.00,13778,United Kingdom,10/6/2011,15:12,Return
569879,90012B,check,5,0.00,13779,United Kingdom,10/6/2011,15:13,Return
569880,90012A,stock check,18,0.00,13780,United Kingdom,10/6/2011,15:14,Return
569883,90014A,check,12,0.00,13783,United Kingdom,10/6/2011,15:16,Return
570294,84249A,damaged,25,0.00,13824,United Kingdom,10/10/2011,12:00,Return
570403,47574A,check,61,0.00,13825,United Kingdom,10/10/2011,12:45,Return
570440,21424,damages,40,0.00,13827,United Kingdom,10/10/2011,14:31,Return
537042,21260,FIRST AID TIN,1,3.25,13838,United Kingdom,12/5/2010,10:45,Purchase
546379,72225C,LAVENDER SCENT CAKE CANDLE,82,0.00,11805,United Kingdom,3/11/2011,12:21,Return
546150,21503,TOYBOX  WRAP ,140,0.00,11788,United Kingdom,3/9/2011,17:03,Return
570595,21823,check,94,0.00,13841,United Kingdom,10/11/2011,11:47,Return
570596,21803,check,38,0.00,13842,United Kingdom,10/11/2011,11:48,Return
546151,21504,SKULLS GREETING CARD,80,0.00,11789,United Kingdom,3/9/2011,17:04,Return
570711,21622,damages,45,0.00,13850,United Kingdom,10/12/2011,10:14,Return
570874,23020,smashed,4,0.00,13863,United Kingdom,10/12/2011,16:42,Return
546551,84563A,PINK & WHITE BREAKFAST TRAY,10,0.00,11814,United Kingdom,3/14/2011,17:33,Return
546661,22777,GLASS CLOCHE LARGE,25,0.00,11825,United Kingdom,3/15/2011,14:33,Return
546672,85206A,CREAM FELT EASTER EGG BASKET,77,0.00,11828,United Kingdom,3/15/2011,15:47,Return
571112,22637,damages,65,0.00,13876,United Kingdom,10/13/2011,17:36,Return
571124,72802A,Wet pallet-thrown away,306,0.00,13882,United Kingdom,10/14/2011,9:36,Return
571130,72802C,check,37,0.00,13885,United Kingdom,10/14/2011,10:05,Return
571131,72802B,check,51,0.00,13886,United Kingdom,10/14/2011,10:13,Return
571254,23427,damaged,2,0.00,13890,United Kingdom,10/14/2011,17:07,Return
571458,21761,damaged,2,0.00,13894,United Kingdom,10/17/2011,14:02,Return
571459,20839,damages,80,0.00,13895,United Kingdom,10/17/2011,14:03,Return
547329,20681,PINK POLKADOT CHILDRENS UMBRELLA,1,0.00,11863,United Kingdom,3/22/2011,11:38,Return
571686,22149,damages,40,0.00,13904,United Kingdom,10/18/2011,14:22,Return
571687,22149,check,46,0.00,13905,United Kingdom,10/18/2011,14:23,Return
547330,21894,POTTING SHED SEED ENVELOPES,40,0.00,11864,United Kingdom,3/22/2011,11:40,Return
547331,17013D,ORIGAMI ROSE INCENSE IN TUBE,20,0.00,11865,United Kingdom,3/22/2011,11:41,Return
547332,21613,S/12 VANILLA  BOTANICAL T-LIGHTS,47,0.00,11866,United Kingdom,3/22/2011,11:42,Return
547333,22791,T-LIGHT GLASS FLUTED ANTIQUE,70,0.00,11867,United Kingdom,3/22/2011,11:43,Return
572468,72803A,damages,160,0.00,13938,United Kingdom,10/24/2011,13:30,Return
572477,20665,adjustment,15,0.00,13940,United Kingdom,10/24/2011,13:39,Return
572480,22049,damaged,100,0.00,13941,United Kingdom,10/24/2011,13:44,Return
572516,22336,damaged,71,0.00,13945,United Kingdom,10/24/2011,14:45,Return
572527,20984,damaged,46,0.00,13946,United Kingdom,10/24/2011,15:35,Return
572548,23343,20713 wrongly marked,200,0.00,13955,United Kingdom,10/24/2011,17:01,Return
574031,POST,POSTAGE,1,5.50,13394,United Kingdom,11/2/2011,12:36,Return
547335,20934,SET/3 POT PLANT CANDLES,15,0.00,11868,United Kingdom,3/22/2011,11:44,Return
574078,23427,STOOL HOME SWEET HOME ,1,12.50,14911,EIRE,11/2/2011,16:16,Return
572557,22427,damages,29,0.00,13959,United Kingdom,10/24/2011,17:44,Return
572615,23595,re-adjustment,5,0.00,13962,United Kingdom,10/25/2011,11:39,Return
572684,23029,damages,20,0.00,13965,United Kingdom,10/25/2011,14:00,Return
572685,23032,damages,60,0.00,13966,United Kingdom,10/25/2011,14:01,Return
572686,23118,Breakages,30,0.00,13967,United Kingdom,10/25/2011,14:03,Return
572687,20840,damages,30,0.00,13968,United Kingdom,10/25/2011,14:05,Return
572689,84969,check,50,0.00,13969,United Kingdom,10/25/2011,14:13,Return
572691,22426,check,15,0.00,13971,United Kingdom,10/25/2011,14:15,Return
572692,21071,check,82,0.00,13972,United Kingdom,10/25/2011,14:16,Return
572693,35810A,check,78,0.00,13973,United Kingdom,10/25/2011,14:20,Return
572701,85078,missing,840,0.00,13979,United Kingdom,10/25/2011,14:31,Return
"547338,22245,""HOOK, 1 HANGER ,MAGIC GARDEN"",110,0.00,11871,United Kingdom,3/22/2011,11:49,Return"
572748,21824,check,103,0.00,13989,United Kingdom,10/25/2011,16:50,Return
572891,23343,20713,400,0.00,13997,United Kingdom,10/26/2011,14:14,Return
574865,POST,POSTAGE,1,15.00,12408,Belgium,11/7/2011,12:30,Return
572919,72802C,check,17,0.00,14000,United Kingdom,10/26/2011,16:49,Return
572996,23462,damages,34,0.00,14002,United Kingdom,10/27/2011,11:22,Return
573115,23343,wrongly coded 20713,1000,0.00,14006,United Kingdom,10/27/2011,15:37,Return
573118,85032D,damaged,1,0.00,14007,United Kingdom,10/27/2011,16:19,Return
547341,85049D,BRIGHT BLUES RIBBONS ,20,0.00,11873,United Kingdom,3/22/2011,11:53,Return
573254,85135C,Damages,49,0.00,14017,United Kingdom,10/28/2011,12:18,Return
573258,85136C,damages,36,0.00,14020,United Kingdom,10/28/2011,12:19,Return
573259,85136A,damages,77,0.00,14021,United Kingdom,10/28/2011,12:20,Return
573463,17012B,check,70,0.00,14034,United Kingdom,10/31/2011,10:56,Return
573482,21181,check,54,0.00,14035,United Kingdom,10/31/2011,11:20,Return
573487,23400,check,19,0.00,14036,United Kingdom,10/31/2011,11:46,Return
573489,85035B,check,36,0.00,14038,United Kingdom,10/31/2011,11:48,Return
573490,85035A,CHECK,59,0.00,14039,United Kingdom,10/31/2011,11:55,Return
573491,21618,CHECK,54,0.00,14040,United Kingdom,10/31/2011,11:56,Return
573493,21619,check,94,0.00,14041,United Kingdom,10/31/2011,11:57,Return
573494,47503H,check,24,0.00,14042,United Kingdom,10/31/2011,11:57,Return
573497,21642,check,138,0.00,14044,United Kingdom,10/31/2011,12:00,Return
573498,21636,check,22,0.00,14045,United Kingdom,10/31/2011,12:00,Return
573499,21192,check,164,0.00,14046,United Kingdom,10/31/2011,12:01,Return
573503,22595,check,80,0.00,14047,United Kingdom,10/31/2011,12:03,Return
573505,85208,check,22,0.00,14048,United Kingdom,10/31/2011,12:09,Return
573547,84818,damages,70,0.00,14050,United Kingdom,10/31/2011,13:21,Return
575048,84665,water damaged,15,0.00,14144,United Kingdom,11/8/2011,12:12,Return
"573590,79323G,""Unsaleable, destroyed."",657,0.00,14055,United Kingdom,10/31/2011,15:15,Return"
"573591,79323B,""Unsaleable, destroyed."",1671,0.00,14056,United Kingdom,10/31/2011,15:15,Return"
"573592,79323GR,""Unsaleable, destroyed."",1158,0.00,14057,United Kingdom,10/31/2011,15:16,Return"
"573593,79323LP,""Unsaleable, destroyed."",2618,0.00,14058,United Kingdom,10/31/2011,15:16,Return"
"573594,79323P,""Unsaleable, destroyed."",2003,0.00,14059,United Kingdom,10/31/2011,15:16,Return"
"573595,79323S,""Unsaleable, destroyed."",674,0.00,14060,United Kingdom,10/31/2011,15:17,Return"
"573596,79323W,""Unsaleable, destroyed."",4830,0.00,14061,United Kingdom,10/31/2011,15:17,Return"
"573597,79341,""Unsaleable, destroyed."",905,0.00,14062,United Kingdom,10/31/2011,15:18,Return"
"573598,79342B,""Unsaleable, destroyed."",1128,0.00,14063,United Kingdom,10/31/2011,15:18,Return"
573670,22176,check,28,0.00,14068,United Kingdom,10/31/2011,17:02,Return
573672,22522,check,126,0.00,14069,United Kingdom,10/31/2011,17:04,Return
573726,72817,check,67,0.00,14070,United Kingdom,10/31/2011,17:18,Return
573734,72818,check,26,0.00,14071,United Kingdom,10/31/2011,17:19,Return
573752,46000S,dotcom sales,90,0.00,14073,United Kingdom,11/1/2011,9:34,Return
573815,20902,check,3,0.00,14074,United Kingdom,11/1/2011,11:31,Return
573816,20898,check,10,0.00,14075,United Kingdom,11/1/2011,11:32,Return
573919,21352,check,23,0.00,14083,United Kingdom,11/1/2011,17:39,Return
547345,22838,3 TIER CAKE TIN RED AND CREAM,10,0.00,11876,United Kingdom,3/22/2011,11:55,Return
547346,21000,ROSE DU SUD COSMETICS BAG,41,0.00,11877,United Kingdom,3/22/2011,11:56,Return
547347,22470,HEART OF WICKER LARGE,6,0.00,11878,United Kingdom,3/22/2011,11:56,Return
574094,22147,check,80,0.00,14102,United Kingdom,11/3/2011,9:46,Return
574123,22652,check,111,0.00,14104,United Kingdom,11/3/2011,10:55,Return
574171,21818,check,130,0.00,14106,United Kingdom,11/3/2011,11:45,Return
574173,35923,check,42,0.00,14107,United Kingdom,11/3/2011,11:46,Return
574176,85054,check,39,0.00,14108,United Kingdom,11/3/2011,11:48,Return
547369,21898,POTTING SHED ROSE CANDLE,83,0.00,11882,United Kingdom,3/22/2011,13:24,Return
548008,21190,PINK HEARTS PAPER GARLAND,80,0.00,11972,United Kingdom,3/29/2011,10:52,Return
574578,40001,check,240,0.00,14126,United Kingdom,11/4/2011,17:09,Return
574579,72802B,check,203,0.00,14127,United Kingdom,11/4/2011,17:14,Return
574580,20751,check,35,0.00,14128,United Kingdom,11/4/2011,17:44,Return
574581,23187,check,62,0.00,14129,United Kingdom,11/4/2011,17:45,Return
574582,84279P,check,104,0.00,14130,United Kingdom,11/4/2011,17:46,Return
574583,22892,check,62,0.00,14131,United Kingdom,11/4/2011,17:46,Return
574757,72802C,damages,54,0.00,14133,United Kingdom,11/7/2011,10:08,Return
574816,85036C,damages wax,1560,0.00,14134,United Kingdom,11/7/2011,10:37,Return
574822,85036B,damages wax,1284,0.00,14135,United Kingdom,11/7/2011,10:38,Return
575635,M,Manual,1,424.06,12473,Germany,11/10/2011,13:45,Return
574906,85034A,damaged,81,0.00,14139,United Kingdom,11/7/2011,15:30,Return
547403,85028L,FRENCH CHATEAU LARGE FRUIT BOWL ,2,0.00,11894,United Kingdom,3/22/2011,17:05,Return
547487,84596E,SMALL LICORICE DES PINK BOWL,153,0.00,11897,United Kingdom,3/23/2011,11:29,Return
547505,22198,LARGE POPCORN HOLDER ,9,0.00,11898,United Kingdom,3/23/2011,13:36,Return
576762,21744,check,21,0.00,14251,United Kingdom,11/16/2011,13:08,Return
547506,21538,DAIRY MAID  PUDDING BOWL,2,0.00,11899,United Kingdom,3/23/2011,13:38,Return
576244,D,Discount,1,6.00,18167,United Kingdom,11/14/2011,13:40,Return
575613,23118,check,6,0.00,14162,United Kingdom,11/10/2011,12:47,Return
575614,22121,check,10,0.00,14163,United Kingdom,11/10/2011,12:48,Return
575617,21014,check,90,0.00,14165,United Kingdom,11/10/2011,12:53,Return
575625,35972,check,3,0.00,14166,United Kingdom,11/10/2011,13:20,Return
575704,21843,smashed,63,0.00,14170,United Kingdom,11/10/2011,17:00,Return
575714,85125,check,64,0.00,14171,United Kingdom,11/10/2011,17:55,Return
575715,72802B,check,36,0.00,14172,United Kingdom,11/10/2011,17:58,Return
575716,72802C,check,21,0.00,14173,United Kingdom,11/10/2011,18:00,Return
575717,85175,check,42,0.00,14174,United Kingdom,11/10/2011,18:02,Return
575720,21817,check,8,0.00,14176,United Kingdom,11/10/2011,18:09,Return
575721,22804,Wrongly mrked had 85123a in box,256,0.00,14177,United Kingdom,11/10/2011,18:19,Return
575722,85123A,wrongly marked carton 22804,256,0.00,14178,United Kingdom,11/10/2011,18:20,Return
575909,20711,check,220,0.00,14189,United Kingdom,11/11/2011,16:02,Return
575912,22943,check,7,0.00,14190,United Kingdom,11/11/2011,16:20,Return
576250,71279,damages,74,0.00,14204,United Kingdom,11/14/2011,13:50,Return
577066,M,Manual,30,1.00,15563,United Kingdom,11/17/2011,14:49,Return
576366,23072,damages,50,0.00,14211,United Kingdom,11/14/2011,18:30,Return
576367,23071,damages,65,0.00,14212,United Kingdom,11/14/2011,18:31,Return
576368,21135,wet rusty,864,0.00,14213,United Kingdom,11/14/2011,18:33,Return
576369,21135,wet rusty,288,0.00,14214,United Kingdom,11/14/2011,18:35,Return
576407,47590B,check,57,0.00,14217,United Kingdom,11/15/2011,11:18,Return
576410,71038,check,16,0.00,14218,United Kingdom,11/15/2011,11:20,Return
576411,85111,check,117,0.00,14219,United Kingdom,11/15/2011,11:20,Return
576413,17012C,check,22,0.00,14220,United Kingdom,11/15/2011,11:21,Return
576419,85036B,check,23,0.00,14223,United Kingdom,11/15/2011,11:23,Return
576424,85036C,check,4,0.00,14224,United Kingdom,11/15/2011,11:24,Return
576436,22943,check,26,0.00,14227,United Kingdom,11/15/2011,11:27,Return
578145,22579,dotcom,40,0.00,14336,United Kingdom,11/23/2011,11:07,Return
576764,16008,check,1510,0.00,14253,United Kingdom,11/16/2011,13:10,Return
576767,22339,check,60,0.00,14256,United Kingdom,11/16/2011,13:12,Return
576773,22181,check,92,0.00,14257,United Kingdom,11/16/2011,13:21,Return
576776,21811,check,240,0.00,14258,United Kingdom,11/16/2011,13:22,Return
577111,22587,check,41,0.00,14270,United Kingdom,11/17/2011,17:55,Return
577112,22586,check,30,0.00,14271,United Kingdom,11/17/2011,17:55,Return
577113,22271,check,43,0.00,14272,United Kingdom,11/17/2011,17:58,Return
577114,21786,check,209,0.00,14273,United Kingdom,11/17/2011,17:59,Return
577115,85035C,check,24,0.00,14274,United Kingdom,11/17/2011,18:02,Return
577116,21165,check,28,0.00,14275,United Kingdom,11/17/2011,18:04,Return
577118,22286,check,47,0.00,14277,United Kingdom,11/17/2011,18:05,Return
577119,22778,check,10,0.00,14278,United Kingdom,11/17/2011,18:08,Return
577120,20752,check,10,0.00,14279,United Kingdom,11/17/2011,18:09,Return
577122,23348,sold with wrong barcode,57,0.00,14280,United Kingdom,11/17/2011,18:33,Return
577123,23288,check,63,0.00,14281,United Kingdom,11/17/2011,18:34,Return
577124,22759,check,327,0.00,14282,United Kingdom,11/17/2011,18:41,Return
577307,16169E,check,313,0.00,14295,United Kingdom,11/18/2011,13:06,Return
547593,20785,FUSCHIA RETRO BAR STOOL,2,0.00,11921,United Kingdom,3/24/2011,11:18,Return
558308,84576,damaged,10,0.00,12950,United Kingdom,6/28/2011,11:02,Return
567364,22925,check,20,0.00,13624,United Kingdom,9/19/2011,16:58,Return
577787,23055,rusty thrown away,398,0.00,14308,United Kingdom,11/21/2011,16:28,Return
577788,23056,rusty throw away,210,0.00,14309,United Kingdom,11/21/2011,16:28,Return
577789,23057,rusty throw away,280,0.00,14310,United Kingdom,11/21/2011,16:28,Return
577836,21888,check,57,0.00,14313,United Kingdom,11/22/2011,10:26,Return
577999,21018,damaged,63,0.00,14330,United Kingdom,11/22/2011,12:29,Return
554432,85132A,damaged,97,0.00,12646,United Kingdom,5/24/2011,12:16,Return
555330,84804A,wet damaged,125,0.00,12710,United Kingdom,6/2/2011,11:11,Return
565060,21165,check,46,0.00,13481,United Kingdom,8/31/2011,17:15,Return
569335,84660A,damaged,15,0.00,13729,United Kingdom,10/3/2011,13:57,Return
547595,82483,WOOD 2 DRAWER CABINET WHITE FINISH,12,0.00,11922,United Kingdom,3/24/2011,11:20,Return
547596,84306,S/3 PINK SQUARE PLANTERS ROSES,5,0.00,11923,United Kingdom,3/24/2011,11:20,Return
578095,23397,damaged,9,0.00,14335,United Kingdom,11/22/2011,17:25,Return
578327,72807A,wet pallet,504,0.00,14339,United Kingdom,11/23/2011,17:55,Return
578328,72807B,wet pallet,696,0.00,14340,United Kingdom,11/23/2011,17:55,Return
578329,72807C,wet pallet,408,0.00,14341,United Kingdom,11/23/2011,17:56,Return
547597,17011F,ORIGAMI SANDLEWOOD INCENSE+FLOWER,18,0.00,11924,United Kingdom,3/24/2011,11:21,Return
547598,21332,MOROCCAN BEATEN METAL MIRROR,25,0.00,11925,United Kingdom,3/24/2011,11:24,Return
547599,21361,LOVE LARGE WOOD LETTERS ,10,0.00,11926,United Kingdom,3/24/2011,11:24,Return
579755,84912B,damaged,14,0.00,14429,United Kingdom,11/30/2011,14:54,Return
578474,72807A,damages,56,0.00,14355,United Kingdom,11/24/2011,12:44,Return
578475,72807C,damages,149,0.00,14356,United Kingdom,11/24/2011,12:44,Return
578525,22152,check,179,0.00,14361,United Kingdom,11/24/2011,14:21,Return
578527,21819,check,14,0.00,14362,United Kingdom,11/24/2011,14:24,Return
578528,22601,check,20,0.00,14363,United Kingdom,11/24/2011,14:24,Return
578733,21643,damaged,9,0.00,14373,United Kingdom,11/25/2011,11:32,Return
536367,84969,BOX OF 6 ASSORTED COLOUR TEASPOONS,6,4.25,13047,United Kingdom,12/1/2010,8:34,Purchase
547606,22173,METAL 4 HOOK HANGER FRENCH CHATEAU,22,0.00,11927,United Kingdom,3/24/2011,11:26,Return
547611,84631,FRUIT TREE AND BIRDS WALL PLAQUE,9,0.00,11928,United Kingdom,3/24/2011,11:26,Return
547618,21547,CERAMIC BIRDHOUSE CRESTED TIT SMALL,12,0.00,11929,United Kingdom,3/24/2011,11:28,Return
580263,M,Manual,16,0.29,12536,France,12/2/2011,12:43,Return
579429,20711,lost in space,98,0.00,14399,United Kingdom,11/29/2011,13:04,Return
547646,84849D,HOT BATHS SOAP HOLDER,80,0.00,11931,United Kingdom,3/24/2011,11:42,Return
547699,21143,ANTIQUE GLASS HEART DECORATION ,32,0.00,11934,United Kingdom,3/24/2011,16:38,Return
547700,21147,JINGLE BELLS TREE DECORATION,105,0.00,11935,United Kingdom,3/24/2011,16:39,Return
548328,21527,RED RETROSPOT TRADITIONAL TEAPOT ,21,0.00,12009,United Kingdom,3/30/2011,13:11,Return
579681,21615,check,26,0.00,14411,United Kingdom,11/30/2011,13:33,Return
579682,85172,check,145,0.00,14412,United Kingdom,11/30/2011,13:33,Return
579683,21868,check,28,0.00,14413,United Kingdom,11/30/2011,13:35,Return
579688,21116,OWL DOORSTOP,33,0.00,14414,United Kingdom,11/30/2011,13:51,Return
579732,35648,check,10,0.00,14418,United Kingdom,11/30/2011,14:24,Return
579733,84581,check,41,0.00,14419,United Kingdom,11/30/2011,14:24,Return
579735,21793,check,40,0.00,14421,United Kingdom,11/30/2011,14:25,Return
579743,21810,check,135,0.00,14425,United Kingdom,11/30/2011,14:36,Return
579745,22043,check,40,0.00,14427,United Kingdom,11/30/2011,14:39,Return
547916,22459,CAST IRON HOOK GARDEN TROWEL,36,0.00,11946,United Kingdom,3/28/2011,12:46,Return
581198,22025,check,30,0.00,14495,United Kingdom,12/7/2011,18:26,Return
581145,M,Manual,1,9.95,17490,United Kingdom,12/7/2011,13:48,Return
580377,84609,damages,29,0.00,14450,United Kingdom,12/2/2011,17:52,Return
580378,22792,damages,73,0.00,14451,United Kingdom,12/2/2011,17:56,Return
580380,21620,check,20,0.00,14453,United Kingdom,12/2/2011,17:58,Return
580382,16045,check,900,0.00,14455,United Kingdom,12/2/2011,17:59,Return
580383,20652,check,37,0.00,14456,United Kingdom,12/2/2011,17:59,Return
580561,22043,dotcom,9,0.00,14466,United Kingdom,12/5/2011,10:25,Return
547994,21228,POCKET MIRROR GLAMOROUS,7,0.00,11963,United Kingdom,3/29/2011,10:18,Return
547996,84534B,FAIRY CAKE NOTEBOOK A5 SIZE,10,0.00,11965,United Kingdom,3/29/2011,10:22,Return
547997,20857,BLUE ROSE PATCH PURSE PINK BUTTERFL,34,0.00,11966,United Kingdom,3/29/2011,10:22,Return
547998,20854,BLUE PATCH PURSE PINK HEART,2,0.00,11967,United Kingdom,3/29/2011,10:23,Return
547999,20860,GOLD COSMETICS BAG WITH BUTTERFLY,7,0.00,11968,United Kingdom,3/29/2011,10:24,Return
548000,85224,ASSORTED COLOUR SILK GLASSES CASE,7,0.00,11969,United Kingdom,3/29/2011,10:24,Return
548002,21051,RIBBONS PURSE ,25,0.00,11971,United Kingdom,3/29/2011,10:27,Return
548069,20713,wrongly marked. 23343 in box,22,0.00,11973,United Kingdom,3/29/2011,12:10,Return
548104,84854,GIRLY PINK TOOL SET,3,0.00,11976,United Kingdom,3/29/2011,12:18,Return
548110,21911,GARDEN METAL SIGN ,27,0.00,11977,United Kingdom,3/29/2011,12:20,Return
548149,72821,CUPID SCENTED CANDLE IN GLASS,2,0.00,11978,United Kingdom,3/29/2011,12:36,Return
548173,85067,CREAM SWEETHEART WALL CABINET,3,0.00,11987,United Kingdom,3/29/2011,14:17,Return
581409,23245,SET OF 3 REGENCY CAKE TINS,1,4.95,12476,Germany,12/8/2011,14:08,Return
548175,46115B,GREEN POP ART MAO CUSHION COVER ,2,0.00,11988,United Kingdom,3/29/2011,14:19,Return
548989,72799F,IVORY PILLAR CANDLE GOLD FLOCK,46,0.00,12092,United Kingdom,4/5/2011,13:19,Return
548206,22469,HEART OF WICKER SMALL,53,0.00,11995,United Kingdom,3/29/2011,16:56,Return
548209,21621,VINTAGE UNION JACK BUNTING,30,0.00,11997,United Kingdom,3/29/2011,17:21,Return
548227,90099,NECKLACE+BRACELET SET BLUE HIBISCUS,19,0.00,12002,United Kingdom,3/30/2011,10:24,Return
548339,21827,EIGHT PIECE CREEPY CRAWLIE SET,42,0.00,12010,United Kingdom,3/30/2011,14:08,Return
548366,84678,CLASSICAL ROSE SMALL VASE,33,0.00,12013,United Kingdom,3/30/2011,15:50,Return
548369,84683,CLASSICAL ROSE CANDLESTAND,6,0.00,12014,United Kingdom,3/30/2011,16:00,Return
549028,84569A,PACK 3 IRON ON DOG PATCHES,18,0.00,12110,United Kingdom,4/5/2011,17:02,Return
548376,22533,MAGIC DRAWING SLATE BAKE A CAKE ,80,0.00,12016,United Kingdom,3/30/2011,16:39,Return
548377,85016,SET OF 6 VINTAGE NOTELETS KIT,46,0.00,12017,United Kingdom,3/30/2011,16:40,Return
548378,22052,VINTAGE CARAVAN GIFT WRAP,75,0.00,12018,United Kingdom,3/30/2011,16:41,Return
548382,84898F,YELLOW FLOWERS FELT HANDBAG KIT,2,0.00,12022,United Kingdom,3/30/2011,16:46,Return
548395,22194,BLACK DINER WALL CLOCK,9,0.00,12030,United Kingdom,3/30/2011,17:20,Return
548397,21195,PINK  HONEYCOMB PAPER BALL ,30,0.00,12032,United Kingdom,3/30/2011,17:23,Return
548398,22482,BLUE TEA TOWEL CLASSIC DESIGN,66,0.00,12033,United Kingdom,3/30/2011,17:24,Return
548402,21040,MODERN VINTAGE COTTON SHOPPING BAG,5,0.00,12035,United Kingdom,3/31/2011,9:26,Return
548536,90010B,BLACK/WHITE GLASS/SILVER BRACELET,50,0.00,12044,United Kingdom,3/31/2011,17:34,Return
548537,90173,PAIR BUTTERFLY HAIR CLIPS,28,0.00,12045,United Kingdom,3/31/2011,17:35,Return
548540,90035A,PEARL & SHELL 42NECKL. GREEN,9,0.00,12048,United Kingdom,3/31/2011,17:51,Return
548615,16010,FOLDING CAMPING SCISSOR W/KNIF & S,7,0.00,12051,United Kingdom,4/1/2011,11:47,Return
548646,21472,LADYBIRD + BEE RAFFIA FOOD COVER,140,0.00,12057,United Kingdom,4/1/2011,13:15,Return
549695,84751B,BLACK MEDIUM GLASS CAKE STAND,24,0.00,12244,United Kingdom,4/11/2011,13:50,Return
548680,72800D,4 BLUE DINNER CANDLES SILVER FLOCK,18,0.00,12067,United Kingdom,4/1/2011,16:43,Return
548684,72798C,SET/4 GARDEN ROSE DINNER CANDLE,2,0.00,12071,United Kingdom,4/1/2011,16:46,Return
548886,85118,HEART T-LIGHT HOLDER,6,0.00,12078,United Kingdom,4/4/2011,15:23,Return
548897,47570B,TEA TIME TABLE CLOTH,70,0.00,12086,United Kingdom,4/4/2011,16:22,Return
548980,22114,HOT WATER BOTTLE TEA AND SYMPATHY,194,0.00,12090,United Kingdom,4/5/2011,12:21,Return
548986,21210,SET OF 72 RETROSPOT PAPER  DOILIES,177,0.00,12091,United Kingdom,4/5/2011,12:46,Return
549000,35972,DAISY FOLKART HEART DECORATION,45,0.00,12098,United Kingdom,4/5/2011,14:35,Return
549005,16020C,CLEAR STATIONERY BOX SET ,5,0.00,12103,United Kingdom,4/5/2011,14:37,Return
549006,84508B,STRIPES DESIGN TEDDY,23,0.00,12104,United Kingdom,4/5/2011,14:38,Return
549008,21281,VINTAGE KITCHEN PRINT SEAFOOD,31,0.00,12105,United Kingdom,4/5/2011,14:38,Return
549010,21684,SMALL MEDINA STAMPED METAL BOWL ,62,0.00,12107,United Kingdom,4/5/2011,14:39,Return
549011,62096B,PURPLE/TURQ FLOWERS HANDBAG,8,0.00,12108,United Kingdom,4/5/2011,14:41,Return
549029,84569B,PACK 3 FIRE ENGINE/CAR PATCHES,17,0.00,12111,United Kingdom,4/5/2011,17:03,Return
549030,84520B,PACK 20 ENGLISH ROSE PAPER NAPKINS,61,0.00,12112,United Kingdom,4/5/2011,17:03,Return
549032,20778,GARDEN PATH NOTEBOOK ,6,0.00,12114,United Kingdom,4/5/2011,17:06,Return
549033,16254,TRANSPARENT ACRYLIC TAPE DISPENSER,5,0.00,12115,United Kingdom,4/5/2011,17:08,Return
549035,72051S,BAG OF SILVER STONES,15,0.00,12117,United Kingdom,4/5/2011,17:09,Return
549036,84993B,75 BLACK PETIT FOUR CASES,54,0.00,12118,United Kingdom,4/5/2011,17:09,Return
549037,84569C,PACK 4 FLOWER/BUTTERFLY PATCHES,37,0.00,12119,United Kingdom,4/5/2011,17:09,Return
549038,84569D,PACK 6 HEART/ICE-CREAM PATCHES,70,0.00,12120,United Kingdom,4/5/2011,17:10,Return
549042,21681,GIANT MEDINA STAMPED METAL BOWL ,2,0.00,12122,United Kingdom,4/5/2011,17:24,Return
549043,84990,60 GOLD AND SILVER FAIRY CAKE CASES,24,0.00,12123,United Kingdom,4/5/2011,17:26,Return
549132,20756,GREEN FERN POCKET BOOK,70,0.00,12127,United Kingdom,4/6/2011,15:22,Return
549133,20759,CHRYSANTHEMUM POCKET BOOK ,52,0.00,12128,United Kingdom,4/6/2011,15:22,Return
549134,20758,ABSTRACT CIRCLES POCKET BOOK,54,0.00,12129,United Kingdom,4/6/2011,15:22,Return
549136,21414,SCALLOP SHELL SOAP DISH,3,0.00,12131,United Kingdom,4/6/2011,15:23,Return
549137,84459B,YELLOW METAL CHICKEN HEART ,7,0.00,12132,United Kingdom,4/6/2011,15:24,Return
549139,22988,SOLDIERS EGG CUP ,91,0.00,12134,United Kingdom,4/6/2011,15:26,Return
549142,35650,VINTAGE BEAD PINK JEWEL STAND,24,0.00,12137,United Kingdom,4/6/2011,15:26,Return
549143,84597C,RETRO PINK BALL ASHTRAY ,17,0.00,12138,United Kingdom,4/6/2011,15:27,Return
549144,21416,CLAM SHELL LARGE,14,0.00,12139,United Kingdom,4/6/2011,15:28,Return
549146,85017A,ENVELOPE 50 ROMANTIC IMAGES,10,0.00,12141,United Kingdom,4/6/2011,15:29,Return
549147,20773,BLUE PAISLEY NOTEBOOK,4,0.00,12142,United Kingdom,4/6/2011,15:30,Return
549149,35649,VINTAGE BEAD COSMETIC BAG ,43,0.00,12143,United Kingdom,4/6/2011,15:31,Return
549150,79336,LIGHT PINK FLOCK GLASS CANDLEHOLDER,47,0.00,12144,United Kingdom,4/6/2011,15:32,Return
549158,21910,WAY OUT METAL SIGN ,1,0.00,12149,United Kingdom,4/6/2011,17:13,Return
549159,22052,VINTAGE CARAVAN GIFT WRAP,25,0.00,12150,United Kingdom,4/6/2011,17:14,Return
549160,81953P,ROUND ARTICULATED PINK CLOCK W/SUCK,7,0.00,12151,United Kingdom,4/6/2011,17:15,Return
549161,21518,BANK ACCOUNT  GREETING  CARD ,31,0.00,12152,United Kingdom,4/6/2011,17:15,Return
549164,16169P,WRAP GREEN RUSSIAN FOLKART ,75,0.00,12154,United Kingdom,4/6/2011,17:20,Return
"549165,35815P,""ACRYLIC JEWEL SNOWFLAKE, PINK"",63,0.00,12155,United Kingdom,4/6/2011,17:20,Return"
549167,84846A,SCENTED CANDLE IN DIGITALIS TIN,8,0.00,12157,United Kingdom,4/6/2011,17:24,Return
549168,21161,KEEP OUT BOYS DOOR HANGER ,10,0.00,12158,United Kingdom,4/6/2011,17:24,Return
549172,21637,ASSORTED SANSKRIT MINI NOTEBOOK,139,0.00,12161,United Kingdom,4/6/2011,17:27,Return
549173,84218,BOX/12 CHICK & EGG IN BASKET,2,0.00,12162,United Kingdom,4/6/2011,17:28,Return
549174,21160,KEEP OUT GIRLS DOOR HANGER ,7,0.00,12163,United Kingdom,4/6/2011,17:30,Return
549175,21171,BATHROOM METAL SIGN ,30,0.00,12164,United Kingdom,4/6/2011,17:30,Return
549180,84522,PINK PARTY SUNGLASSES,30,0.00,12169,United Kingdom,4/6/2011,17:34,Return
549244,79331,PINK FLOCK GLASS CANDLEHOLDER,3,0.00,12172,United Kingdom,4/7/2011,11:53,Return
549266,84593,CROCHET ROSE DES CLOTHES HANGER,5,0.00,12174,United Kingdom,4/7/2011,12:45,Return
549268,84856S,SMALL TAHITI BEACH BAG,7,0.00,12176,United Kingdom,4/7/2011,12:47,Return
549270,84856L,LARGE TAHITI BEACH BAG,27,0.00,12177,United Kingdom,4/7/2011,12:48,Return
549271,62096B,PURPLE/TURQ FLOWERS HANDBAG,2,0.00,12178,United Kingdom,4/7/2011,12:48,Return
549326,21738,COSY SLIPPER SHOES SMALL  RED ,5,0.00,12181,United Kingdom,4/8/2011,10:45,Return
549328,51008,AFGHAN SLIPPER SOCK PAIR,110,0.00,12183,United Kingdom,4/8/2011,10:49,Return
549329,84989A,75 GREEN FAIRY CAKE CASES,1,0.00,12184,United Kingdom,4/8/2011,10:49,Return
549340,20774,GREEN FERN NOTEBOOK,11,0.00,12188,United Kingdom,4/8/2011,11:02,Return
549342,35818B,adjustment,53,0.00,12189,United Kingdom,4/8/2011,11:06,Return
549343,72815,3 WICK CHRISTMAS BRIAR CANDLE ,3,0.00,12190,United Kingdom,4/8/2011,11:07,Return
549346,22033,BOTANICAL ROSE GREETING CARD,50,0.00,12193,United Kingdom,4/8/2011,11:10,Return
"549348,84251B,""GREETING CARD, STICKY GORDON"",60,0.00,12195,United Kingdom,4/8/2011,11:13,Return"
549350,84597B,RETRO BROWN BALL ASHTRAY ,13,0.00,12197,United Kingdom,4/8/2011,11:14,Return
549351,85006,SET 4 NURSERY DES ROUND BOXES,21,0.00,12198,United Kingdom,4/8/2011,11:14,Return
549371,84921,CREAM AND PINK FLOWERS PONY ,17,0.00,12200,United Kingdom,4/8/2011,11:27,Return
549373,85008,SET OF 3 CONEY ISLAND OVAL BOXES,2,0.00,12201,United Kingdom,4/8/2011,11:28,Return
549374,20775,DAISY NOTEBOOK ,29,0.00,12202,United Kingdom,4/8/2011,11:29,Return
549426,22078,RIBBON REEL LACE DESIGN ,201,0.00,12205,United Kingdom,4/8/2011,11:55,Return
549455,84858C,PINK RIVIERA HANDBAG,10,0.00,12209,United Kingdom,4/8/2011,14:18,Return
549456,47341A,FUSCHIA TABLE RUN FLOWER ,6,0.00,12210,United Kingdom,4/8/2011,14:19,Return
549457,47344B,BLUE FLOWER DES PURSE,16,0.00,12211,United Kingdom,4/8/2011,14:19,Return
549460,20716,PARTY FOOD SHOPPER BAG,82,0.00,12214,United Kingdom,4/8/2011,14:20,Return
549463,84919,BLUE CUSHION COVER WITH FLOWER,17,0.00,12217,United Kingdom,4/8/2011,14:21,Return
549464,20701,PINK CAT FLORAL CUSHION COVER ,6,0.00,12218,United Kingdom,4/8/2011,14:21,Return
549465,84415B,BLUE FLOCK CUSHION COVER ,5,0.00,12219,United Kingdom,4/8/2011,14:22,Return
549466,20816,GOLD FLOWER CUSHION COVER ,11,0.00,12220,United Kingdom,4/8/2011,14:22,Return
549506,22415,WHITE TISSUE REAM,31,0.00,12229,United Kingdom,4/8/2011,15:07,Return
549510,84559B,3D SHEET OF CAT STICKERS,158,0.00,12230,United Kingdom,4/8/2011,15:08,Return
549514,20820,SILVER LOOKING MIRROR,3,0.00,12231,United Kingdom,4/8/2011,15:09,Return
549528,21422,PORCELAIN ROSE SMALL,55,0.00,12235,United Kingdom,4/8/2011,16:44,Return
549848,84531A,returned,34,0.00,12249,United Kingdom,4/12/2011,14:51,Return
549849,84531B,returned,23,0.00,12250,United Kingdom,4/12/2011,14:51,Return
550133,85099F,JUMBO BAG STRAWBERRY,1092,0.00,12260,United Kingdom,4/14/2011,13:49,Return
551326,85017A,ENVELOPE 50 ROMANTIC IMAGES,2,0.00,12366,United Kingdom,4/27/2011,15:51,Return
550757,16202B,PASTEL BLUE PHOTO ALBUM ,9,0.00,12295,United Kingdom,4/20/2011,12:08,Return
550758,85017A,ENVELOPE 50 ROMANTIC IMAGES,8,0.00,12296,United Kingdom,4/20/2011,12:09,Return
550759,21087,SET/6 POSIES PAPER CUPS,7,0.00,12297,United Kingdom,4/20/2011,12:09,Return
550760,84750B,BLACK SMALL GLASS CAKE STAND,4,0.00,12298,United Kingdom,4/20/2011,12:09,Return
550762,85030,FRENCH CHATEAU OVAL PLATTER,9,0.00,12300,United Kingdom,4/20/2011,12:10,Return
550763,84666,SQUARE CHERRY BLOSSOM CABINET,5,0.00,12301,United Kingdom,4/20/2011,12:11,Return
550943,21316,SMALL CHUNKY GLASS ROMAN  BOWL,5,0.00,12313,United Kingdom,4/21/2011,15:51,Return
550945,79329,PINK FLOCK GLASS CANDLEHOLDER,2,0.00,12314,United Kingdom,4/21/2011,15:52,Return
550970,82599,FANNY'S REST STOPMETAL SIGN,11,0.00,12323,United Kingdom,4/21/2011,17:02,Return
552052,84917,WHITE HAND TOWEL WITH BUTTERFLY,8,0.00,12470,United Kingdom,5/6/2011,10:10,Return
551168,85068,CREAM SWEETHEART SHELF + HOOKS,4,0.00,12347,United Kingdom,4/26/2011,16:06,Return
551201,16015,MEDIUM CHINESE STYLE SCISSOR,620,0.00,12352,United Kingdom,4/27/2011,11:33,Return
551328,21320,GLASS CHALICE GREEN  LARGE ,23,0.00,12368,United Kingdom,4/27/2011,16:08,Return
551422,22084,PAPER CHAIN KIT EMPIRE,150,0.00,12372,United Kingdom,4/28/2011,14:11,Return
551429,10002,INFLATABLE POLITICAL GLOBE ,3,0.00,12375,United Kingdom,4/28/2011,15:05,Return
551430,20966,SANDWICH BATH SPONGE,3,0.00,12376,United Kingdom,4/28/2011,15:06,Return
551431,44091A,BLUE CRUSOE CHECK LAMPSHADE,2,0.00,12377,United Kingdom,4/28/2011,15:06,Return
551433,21784,SHOE SHINE BOX ,2,0.00,12379,United Kingdom,4/28/2011,15:07,Return
551441,85136B,BLUE SHARK HELICOPTER,4,0.00,12382,United Kingdom,4/28/2011,15:50,Return
551443,35920,FOUR RABBIT EASTER DECORATIONS,4,0.00,12384,United Kingdom,4/28/2011,15:51,Return
551444,35809B,ENAMEL BLUE RIM TEA CONTAINER,4,0.00,12385,United Kingdom,4/28/2011,15:58,Return
551447,35004C,SET OF 3 COLOURED  FLYING DUCKS,4,0.00,12387,United Kingdom,4/28/2011,15:59,Return
551448,22734,SET OF 6 RIBBONS VINTAGE CHRISTMAS,4,0.00,12388,United Kingdom,4/28/2011,15:59,Return
551449,22525,CHILDRENS GARDEN GLOVES PINK,4,0.00,12389,United Kingdom,4/28/2011,16:00,Return
551450,21410,COUNTRY COTTAGE  DOORSTOP GREEN,4,0.00,12390,United Kingdom,4/28/2011,16:00,Return
551452,84715,SET OF 6 ICE CREAM SKITTLES,3,0.00,12392,United Kingdom,4/28/2011,16:01,Return
551453,82494L,WOODEN FRAME ANTIQUE WHITE ,3,0.00,12393,United Kingdom,4/28/2011,16:01,Return
551455,37333,RETRO TEA FOR ONE ,1,0.00,12395,United Kingdom,4/28/2011,16:03,Return
551456,22795,SWEETHEART RECIPE BOOK STAND,3,0.00,12396,United Kingdom,4/28/2011,16:03,Return
551457,22719,wrong code,3,0.00,12397,United Kingdom,4/28/2011,16:04,Return
551459,22173,METAL 4 HOOK HANGER FRENCH CHATEAU,30,0.00,12399,United Kingdom,4/28/2011,16:04,Return
551553,22521,CHILDS GARDEN TROWEL PINK,90,0.00,12408,United Kingdom,5/3/2011,10:15,Return
551554,22720,SET OF 3 CAKE TINS PANTRY DESIGN ,4,0.00,12409,United Kingdom,5/3/2011,10:19,Return
551565,85135A,YELLOW DRAGONFLY HELICOPTER,7,0.00,12410,United Kingdom,5/3/2011,11:10,Return
551568,21038,SET/4 MODERN VINTAGE COTTON NAPKINS,6,0.00,12412,United Kingdom,5/3/2011,11:12,Return
551570,85189,HANGING BUTTERFLY  EGG,6,0.00,12414,United Kingdom,5/3/2011,11:13,Return
551573,22726,ALARM CLOCK BAKELIKE GREEN,5,0.00,12417,United Kingdom,5/3/2011,11:15,Return
551574,21692,SILVER LATTICE VANILLA CANDLE POT,6,0.00,12418,United Kingdom,5/3/2011,11:16,Return
551575,21412,VINTAGE GOLD TINSEL REEL,6,0.00,12419,United Kingdom,5/3/2011,11:16,Return
551579,85098B,BLUE FLYING SINGING CANARY,5,0.00,12422,United Kingdom,5/3/2011,11:20,Return
551580,85084,HOLLY TOP CHRISTMAS STOCKING,5,0.00,12423,United Kingdom,5/3/2011,11:20,Return
551586,21120,*Boombox Ipod Classic,6,0.00,12427,United Kingdom,5/3/2011,11:24,Return
551663,84548,CROCHET BEAR RED/BLUE  KEYRING,70,0.00,12429,United Kingdom,5/3/2011,12:34,Return
551664,20933,YELLOW POT PLANT CANDLE,3,0.00,12430,United Kingdom,5/3/2011,12:34,Return
551666,84750A,PINK SMALL GLASS CAKE STAND,10,0.00,12431,United Kingdom,5/3/2011,12:35,Return
551668,22444,GROW YOUR OWN PLANT IN A CAN ,10,0.00,12433,United Kingdom,5/3/2011,12:37,Return
551671,20734,SILVER MINI TAPE MEASURE ,10,0.00,12435,United Kingdom,5/3/2011,12:38,Return
551672,84631,FRUIT TREE AND BIRDS WALL PLAQUE,4,0.00,12436,United Kingdom,5/3/2011,12:39,Return
551673,79192A,RETRO PLASTIC 70'S TRAY,9,0.00,12437,United Kingdom,5/3/2011,12:39,Return
551689,22625,RED KITCHEN SCALES,9,0.00,12438,United Kingdom,5/3/2011,13:35,Return
551690,21143,ANTIQUE GLASS HEART DECORATION ,9,0.00,12439,United Kingdom,5/3/2011,13:35,Return
551695,22467,wrongly sold (22719) barcode,8,0.00,12443,United Kingdom,5/3/2011,13:37,Return
551700,85144,JARDIN ETCHED GLASS CHEESE DISH,38,0.00,12444,United Kingdom,5/3/2011,14:13,Return
551701,84683,CLASSICAL ROSE CANDLESTAND,2,0.00,12445,United Kingdom,5/3/2011,14:15,Return
551704,22656,VINTAGE BLUE KITCHEN CABINET,2,0.00,12446,United Kingdom,5/3/2011,14:33,Return
551722,20975,12 PENCILS SMALL TUBE RED RETROSPOT,170,0.00,12451,United Kingdom,5/3/2011,16:50,Return
551723,22136,LOVE HEART SOCK HANGER,23,0.00,12452,United Kingdom,5/3/2011,16:51,Return
551838,35609A,PINK FEATHER CHRISTMAS DECORATION,51,0.00,12455,United Kingdom,5/4/2011,13:31,Return
552050,84916,HAND TOWEL PALE BLUE W FLOWERS,32,0.00,12469,United Kingdom,5/6/2011,10:08,Return
552214,84872A,TEATIME FUNKY FLOWER BACKPACK FOR 2,12,0.00,12477,United Kingdom,5/6/2011,15:11,Return
552215,17096,ASSORTED LAQUERED INCENSE HOLDERS,41,0.00,12478,United Kingdom,5/6/2011,15:12,Return
552216,21363,HOME SMALL WOOD LETTERS,19,0.00,12479,United Kingdom,5/6/2011,15:12,Return
552218,84406B,incorrectly made-thrown away.,38,0.00,12480,United Kingdom,5/6/2011,15:15,Return
552219,22073,RED RETROSPOT STORAGE JAR,56,0.00,12481,United Kingdom,5/6/2011,15:16,Return
552221,21043,APRON MODERN VINTAGE COTTON,38,0.00,12483,United Kingdom,5/6/2011,15:20,Return
552222,21974,SET OF 36 PAISLEY FLOWER DOILIES,45,0.00,12484,United Kingdom,5/6/2011,15:22,Return
552223,22524,CHILDRENS GARDEN GLOVES BLUE,49,0.00,12485,United Kingdom,5/6/2011,15:24,Return
552224,84766,SILVER ROCOCO CANDLE STICK,37,0.00,12486,United Kingdom,5/6/2011,15:25,Return
552225,22775,PURPLE DRAWERKNOB ACRYLIC EDWARDIAN,40,0.00,12487,United Kingdom,5/6/2011,15:26,Return
552226,22035,VINTAGE CARAVAN GREETING CARD ,160,0.00,12488,United Kingdom,5/6/2011,15:26,Return
552228,84912B,GREEN ROSE WASHBAG,93,0.00,12490,United Kingdom,5/6/2011,15:29,Return
552979,35970,ZINC FOLKART SLEIGH BELLS,217,0.00,12546,United Kingdom,5/12/2011,14:49,Return
552653,22926,IVORY GIANT GARDEN THERMOMETER,48,0.00,12510,United Kingdom,5/10/2011,14:12,Return
552767,79164,damages/credits from ASOS.,47,0.00,12537,United Kingdom,5/11/2011,11:42,Return
552768,22087,PAPER BUNTING WHITE LACE,26,0.00,12538,United Kingdom,5/11/2011,11:43,Return
554276,22966,GINGERBREAD MAN COOKIE CUTTER,58,0.00,12625,United Kingdom,5/23/2011,13:19,Return
553041,22521,CHILDS GARDEN TROWEL PINK,9,0.00,12548,United Kingdom,5/13/2011,9:01,Return
553399,84789,ENCHANTED BIRD PLANT CAGE,2,0.00,12568,United Kingdom,5/16/2011,17:08,Return
553401,22060,LARGE CAKE STAND HANGING HEARTS,16,0.00,12570,United Kingdom,5/16/2011,17:10,Return
553413,21259,VICTORIAN SEWING BOX SMALL ,51,0.00,12571,United Kingdom,5/17/2011,9:45,Return
553548,75131,METAL TUBE CHIME ON BAMBOO,48,0.00,12583,United Kingdom,5/17/2011,15:57,Return
553651,46126A,ELVIS WALLHANGING / CURTAIN,23,0.00,12585,United Kingdom,5/18/2011,11:06,Return
553652,20826,SILVER APERITIF GLASS,168,0.00,12586,United Kingdom,5/18/2011,11:06,Return
553659,20967,GREY FLORAL FELTCRAFT SHOULDER BAG,77,0.00,12587,United Kingdom,5/18/2011,11:47,Return
553743,21318,GLASS CHALICE BLUE SMALL ,62,0.00,12596,United Kingdom,5/19/2011,9:44,Return
553744,85141,JARDIN ETCHED GLASS FRUITBOWL,7,0.00,12597,United Kingdom,5/19/2011,9:44,Return
554017,22520,CHILDS GARDEN TROWEL BLUE ,101,0.00,12608,United Kingdom,5/20/2011,13:15,Return
554020,22518,CHILDS GARDEN BRUSH BLUE,30,0.00,12609,United Kingdom,5/20/2011,13:17,Return
554021,20886,BOX OF 9 PEBBLE CANDLES,65,0.00,12610,United Kingdom,5/20/2011,13:18,Return
"554023,82613B,""METAL SIGN,CUPCAKE SINGLE HOOK"",71,0.00,12612,United Kingdom,5/20/2011,13:20,Return"
554024,20998,ROSE DU SUD OVEN GLOVE,11,0.00,12613,United Kingdom,5/20/2011,13:21,Return
554133,84596J,MIXED NUTS LIGHT GREEN BOWL,3,0.00,12617,United Kingdom,5/23/2011,9:46,Return
554145,84313C,ORANGE TV TRAY TABLE ,12,0.00,12620,United Kingdom,5/23/2011,10:43,Return
554299,20975,12 PENCILS SMALL TUBE RED RETROSPOT,39,0.00,12629,United Kingdom,5/23/2011,14:28,Return
554311,84743C,ORANGE FELT VASE + FLOWERS,16,0.00,12631,United Kingdom,5/23/2011,15:28,Return
554312,84741C,CITRUS GARLAND FELT FLOWERS ,2,0.00,12632,United Kingdom,5/23/2011,15:28,Return
554313,21144,PINK POODLE HANGING DECORATION ,63,0.00,12633,United Kingdom,5/23/2011,15:28,Return
554314,85195,HANGING HEART BASKET,13,0.00,12634,United Kingdom,5/23/2011,15:29,Return
554316,21195,PINK  HONEYCOMB PAPER BALL ,1,0.00,12635,United Kingdom,5/23/2011,15:29,Return
554317,85198,ASSORTED FARMYARD ANIMALS IN BUCKET,11,0.00,12636,United Kingdom,5/23/2011,15:29,Return
554318,84535A,ENGLISH ROSE NOTEBOOK A6 SIZE,65,0.00,12637,United Kingdom,5/23/2011,15:30,Return
554319,47574B,ENGLISH ROSE SCENTED HANGING HEART,13,0.00,12638,United Kingdom,5/23/2011,15:31,Return
554321,16244B,MAXWELL 2 TONE BLUE 60 PAGE PHOTO A,5,0.00,12640,United Kingdom,5/23/2011,15:32,Return
554328,21609,SET 12 LAVENDER  BOTANICAL T-LIGHTS,46,0.00,12641,United Kingdom,5/23/2011,16:49,Return
554360,22524,CHILDRENS GARDEN GLOVES BLUE,13,0.00,12643,United Kingdom,5/24/2011,9:59,Return
554488,84913A,SOFT PINK ROSE TOWEL ,75,0.00,12648,United Kingdom,5/24/2011,13:35,Return
555387,22276,WASH BAG VINTAGE ROSE PAISLEY,59,0.00,12717,United Kingdom,6/2/2011,15:30,Return
554559,16151A,FLOWERS HANDBAG blue and orange,2,0.00,12658,United Kingdom,5/25/2011,10:28,Return
554675,20903,VINTAGE KEEPSAKE BOX TRAVELOGUE,33,0.00,12664,United Kingdom,5/25/2011,16:01,Return
554676,71143,SILVER BOOK MARK WITH BEADS,31,0.00,12665,United Kingdom,5/25/2011,16:03,Return
554678,85086A,CANDY SPOT HEART DECORATION,30,0.00,12667,United Kingdom,5/25/2011,16:03,Return
554679,35916A,YELLOW FELT HANGING HEART W FLOWER,21,0.00,12668,United Kingdom,5/25/2011,16:04,Return
554680,35916B,BLUE FELT HANGING HEART WITH FLOWER,21,0.00,12669,United Kingdom,5/25/2011,16:04,Return
554681,35916C,PINK FELT HANGING HEART W FLOWER,32,0.00,12670,United Kingdom,5/25/2011,16:04,Return
554907,40003,WHITE BAMBOO RIBS LAMPSHADE,11,0.00,12683,United Kingdom,5/27/2011,11:45,Return
554928,21763,VINTAGE WOODEN BAR STOOL,3,0.00,12684,United Kingdom,5/27/2011,13:03,Return
555335,84804B,BLUE DELPHINIUM ARTIFICIAL FLOWER,96,0.00,12715,United Kingdom,6/2/2011,11:13,Return
555391,22501,reverse 21/5/10 adjustment,10,0.00,12719,United Kingdom,6/2/2011,16:29,Return
555821,21399,BLUE POLKADOT COFFEE MUG,116,0.00,12730,United Kingdom,6/7/2011,12:01,Return
555822,35809A,ENAMEL PINK TEA CONTAINER,13,0.00,12731,United Kingdom,6/7/2011,12:04,Return
555823,47021G,SET/6 BEAD COASTERS GAUZE BAG GOLD,52,0.00,12732,United Kingdom,6/7/2011,12:06,Return
555824,21043,APRON MODERN VINTAGE COTTON,12,0.00,12733,United Kingdom,6/7/2011,12:06,Return
555838,22966,GINGERBREAD MAN COOKIE CUTTER,6,0.00,12734,United Kingdom,6/7/2011,12:37,Return
556013,21662,VINTAGE GLASS COFFEE CADDY,17,0.00,12743,United Kingdom,6/8/2011,11:46,Return
556014,37476,CONDIMENT TRAY 4 BOWLS AND 4 SPOONS,3,0.00,12744,United Kingdom,6/8/2011,11:46,Return
556015,37501,TEA TIME TEA SET IN GIFT BOX,13,0.00,12745,United Kingdom,6/8/2011,11:50,Return
556061,20906,VINTAGE NOTEBOOK BEAUTY GIRL,21,0.00,12748,United Kingdom,6/8/2011,14:04,Return
556069,84226,HEN HOUSE W FAMILY IN BARN & NEST,34,0.00,12749,United Kingdom,6/8/2011,14:41,Return
556074,22519,CHILDS GARDEN BRUSH PINK,19,0.00,12750,United Kingdom,6/8/2011,15:14,Return
556124,17007B,S/3 POT POURI CUSHIONS BLUE COLOURS,4,0.00,12769,United Kingdom,6/9/2011,10:14,Return
556286,16052,TEATIME PUSH DOWN RUBBER,16,0.00,12782,United Kingdom,6/10/2011,9:22,Return
556287,16043,POP ART PUSH DOWN RUBBER ,45,0.00,12783,United Kingdom,6/10/2011,9:22,Return
556289,20823,GOLD WINE GOBLET,102,0.00,12784,United Kingdom,6/10/2011,9:23,Return
556292,21472,LADYBIRD + BEE RAFFIA FOOD COVER,1,0.00,12786,United Kingdom,6/10/2011,9:24,Return
556300,20735,BLACK MINI TAPE MEASURE ,472,0.00,12788,United Kingdom,6/10/2011,10:18,Return
558032,22443,GROW YOUR OWN HERBS SET OF 3,7,0.00,12924,United Kingdom,6/24/2011,12:14,Return
556884,22698,PINK REGENCY TEACUP AND SAUCER,61,0.00,12838,United Kingdom,6/15/2011,12:27,Return
556943,84809A,WHITE CHRYSANTHEMUMS ART FLOWER,126,0.00,12846,United Kingdom,6/15/2011,16:54,Return
556944,84800L,wet damaged,29,0.00,12847,United Kingdom,6/15/2011,16:54,Return
557025,22192,BLUE DINER WALL CLOCK,9,0.00,12860,United Kingdom,6/16/2011,13:09,Return
557028,79071B,ENGLISH ROSE METAL WASTE BIN,4,0.00,12861,United Kingdom,6/16/2011,13:25,Return
557029,22480,RED TEA TOWEL CLASSIC DESIGN,24,0.00,12862,United Kingdom,6/16/2011,13:29,Return
557030,21446,12 RED ROSE PEG PLACE SETTINGS,50,0.00,12863,United Kingdom,6/16/2011,13:30,Return
557031,21447,12 IVORY ROSE PEG PLACE SETTINGS,65,0.00,12864,United Kingdom,6/16/2011,13:31,Return
557756,22567,20 DOLLY PEGS RETROSPOT,14,0.00,12912,United Kingdom,6/22/2011,13:18,Return
557777,44265,M/COLOUR POM-POM CURTAIN,5,0.00,12914,United Kingdom,6/22/2011,15:11,Return
557778,21161,KEEP OUT BOYS DOOR HANGER ,38,0.00,12915,United Kingdom,6/22/2011,15:11,Return
557806,84706D,CHERRY BLOSSOM TABLE CLOCK ,5,0.00,12918,United Kingdom,6/23/2011,10:32,Return
557851,85130A,BEADED PEARL HEART WHITE LARGE,23,0.00,12920,United Kingdom,6/23/2011,10:57,Return
558033,84876B,GREEN HEART COMPACT MIRROR,59,0.00,12925,United Kingdom,6/24/2011,12:15,Return
558034,20658,RED RETROSPOT LUGGAGE TAG,78,0.00,12926,United Kingdom,6/24/2011,12:17,Return
558238,22722,SET OF 6 SPICE TINS PANTRY DESIGN,21,0.00,12939,United Kingdom,6/27/2011,15:04,Return
558244,84796B,BLUE SAVANNAH PICNIC HAMPER FOR 2,2,0.00,12943,United Kingdom,6/27/2011,15:52,Return
558307,22088,PAPER BUNTING COLOURED LACE,39,0.00,12949,United Kingdom,6/28/2011,11:02,Return
558309,85132B,CHARLIE AND LOLA TABLE TINS,42,0.00,12951,United Kingdom,6/28/2011,11:03,Return
558377,37423,WHITE WITH BLACK CATS PLATE,17,0.00,12965,United Kingdom,6/28/2011,16:24,Return
558378,79161A,ST GEORGE SET OF 10 PARTY LIGHTS,13,0.00,12966,United Kingdom,6/28/2011,16:27,Return
558445,22034,ROBIN CHRISTMAS CARD,18,0.00,12969,United Kingdom,6/29/2011,13:39,Return
558446,22164,STRING OF STARS CARD HOLDER,80,0.00,12970,United Kingdom,6/29/2011,13:40,Return
558448,22163,HEART STRING MEMO HOLDER HANGING,90,0.00,12971,United Kingdom,6/29/2011,13:40,Return
558449,21807,WHITE CHRISTMAS STAR DECORATION,35,0.00,12972,United Kingdom,6/29/2011,13:40,Return
558451,21817,GLITTER CHRISTMAS TREE,80,0.00,12974,United Kingdom,6/29/2011,13:41,Return
558464,35966,FOLKART CHRISTMAS TREE T-LIGHT HOLD,20,0.00,12977,United Kingdom,6/29/2011,15:17,Return
558477,84597C,RETRO PINK BALL ASHTRAY ,1,0.00,12980,United Kingdom,6/29/2011,16:04,Return
558520,21896,POTTING SHED TWINE,38,0.00,12982,United Kingdom,6/30/2011,10:25,Return
558732,47341A,FUSCHIA TABLE RUN FLOWER ,1,0.00,13000,United Kingdom,7/1/2011,14:55,Return
558741,37444C,PINK BREAKFAST CUP AND SAUCER ,1,0.00,13001,United Kingdom,7/1/2011,15:52,Return
558742,62043B,BLUE CHECK BAG W HANDLE 34X20CM,1,0.00,13002,United Kingdom,7/1/2011,15:56,Return
558743,35810B,ENAMEL BLUE RIM COFFEE CONTAINER,4,0.00,13003,United Kingdom,7/1/2011,15:56,Return
558890,84857C,PINK MONTE CARLO HANDBAG,24,0.00,13018,United Kingdom,7/4/2011,15:34,Return
559423,71143,SILVER BOOK MARK WITH BEADS,14,0.00,13059,United Kingdom,7/8/2011,12:06,Return
559365,22451,SILK PURSE BABUSHKA RED,3,0.00,13045,United Kingdom,7/8/2011,8:53,Return
559373,16156S,WRAP PINK FAIRY CAKES ,110,0.00,13046,United Kingdom,7/8/2011,10:36,Return
559374,22050,PINK PAISLEY ROSE GIFT WRAP,100,0.00,13047,United Kingdom,7/8/2011,10:37,Return
559376,48116,DOORMAT MULTICOLOUR STRIPE,35,0.00,13049,United Kingdom,7/8/2011,10:38,Return
559379,79337,BLUE FLOCK GLASS CANDLEHOLDER,8,0.00,13052,United Kingdom,7/8/2011,10:42,Return
559390,21700,sold as set on dotcom and amazon,110,0.00,13053,United Kingdom,7/8/2011,10:46,Return
559398,21169,YOU'RE CONFUSING ME METAL SIGN ,70,0.00,13054,United Kingdom,7/8/2011,10:48,Return
559402,21635,MADRAS NOTEBOOK LARGE ,8,0.00,13055,United Kingdom,7/8/2011,10:49,Return
559405,22863,SOAP DISH BROCANTE,7,0.00,13056,United Kingdom,7/8/2011,10:50,Return
559410,84341B,SMALL PINK MAGIC CHRISTMAS TREE,179,0.00,13057,United Kingdom,7/8/2011,10:51,Return
559414,22855,FINE WICKER HEART ,4,0.00,13058,United Kingdom,7/8/2011,10:52,Return
560600,18007,ESSENTIAL BALM 3.5g TIN IN ENVELOPE,2834,0.00,13174,United Kingdom,7/19/2011,17:04,Return
560923,22777,GLASS CLOCHE LARGE,14,0.00,13198,United Kingdom,7/22/2011,8:54,Return
560037,22242,5 HOOK HANGER MAGIC TOADSTOOL,34,0.00,13103,United Kingdom,7/14/2011,14:00,Return
560091,44236,PINK/PURPLE CIRCLE CURTAIN,10,0.00,13108,United Kingdom,7/14/2011,17:03,Return
560110,21673,WHITE SPOT BLUE CERAMIC DRAWER KNOB,40,0.00,13109,United Kingdom,7/15/2011,9:51,Return
560111,84874B,BLUE TRAVEL FIRST AID KIT,3,0.00,13110,United Kingdom,7/15/2011,9:52,Return
560112,21683,MEDIUM MEDINA STAMPED METAL BOWL ,38,0.00,13111,United Kingdom,7/15/2011,9:52,Return
560113,21865,PINK UNION JACK  PASSPORT COVER ,40,0.00,13112,United Kingdom,7/15/2011,9:52,Return
560114,75172,PAINTED SEA SHELL METAL WINDCHIME,35,0.00,13113,United Kingdom,7/15/2011,9:53,Return
560213,10123C,HEARTS WRAPPING TAPE ,18,0.00,13118,United Kingdom,7/15/2011,15:05,Return
560214,16162L,THE KING GIFT BAG,54,0.00,13119,United Kingdom,7/15/2011,15:07,Return
560215,16162M,THE KING GIFT BAG 25x24x12cm,84,0.00,13120,United Kingdom,7/15/2011,15:08,Return
560423,16169K,WRAP FOLK ART,25,0.00,13154,United Kingdom,7/18/2011,15:15,Return
560424,21503,TOYBOX  WRAP ,84,0.00,13155,United Kingdom,7/18/2011,15:15,Return
560425,81950B,FLOWER BLUE CLOCK WITH SUCKER,23,0.00,13156,United Kingdom,7/18/2011,15:15,Return
560427,84629,WHITE 3 FRAME BIRDS AND TREE ,2,0.00,13157,United Kingdom,7/18/2011,15:16,Return
560428,21634,ASSORTED MINI MADRAS NOTEBOOK,169,0.00,13158,United Kingdom,7/18/2011,15:17,Return
560440,84029E,RED WOOLLY HOTTIE WHITE HEART.,1,0.00,13165,United Kingdom,7/18/2011,16:36,Return
560583,17096,ASSORTED LAQUERED INCENSE HOLDERS,7,0.00,13172,United Kingdom,7/19/2011,15:31,Return
560719,84877A,PINK ROUND COMPACT MIRROR,21,0.00,13177,United Kingdom,7/20/2011,13:30,Return
560722,16049,TEATIME GEL PENS ASST,31,0.00,13178,United Kingdom,7/20/2011,13:37,Return
560737,84798B,PURPLE FOXGLOVE ARTIIFCIAL FLOWER,109,0.00,13180,United Kingdom,7/20/2011,15:34,Return
537999,22034,ROBIN CHRISTMAS CARD,223,0.00,11126,United Kingdom,12/9/2010,11:44,Return
538043,22833,HALL CABINET WITH 3 DRAWERS,1,0.00,11134,United Kingdom,12/9/2010,13:10,Return
560830,81953B,ROUND BLUE CLOCK WITH SUCKER,6,0.00,13190,United Kingdom,7/21/2011,12:03,Return
560831,81950V,FLOWER PURPLE CLOCK WITH SUCKER,1,0.00,13191,United Kingdom,7/21/2011,12:04,Return
560867,21891,TRADITIONAL WOODEN SKIPPING ROPE,21,0.00,13194,United Kingdom,7/21/2011,14:10,Return
560939,84907,PINK YELLOW PATCH CUSHION COVER,3,0.00,13201,United Kingdom,7/22/2011,11:20,Return
560940,72127,found box,53,0.00,13202,United Kingdom,7/22/2011,11:20,Return
560941,85230E,STRAWBRY SCENTED VOTIVE CANDLE,178,0.00,13203,United Kingdom,7/22/2011,11:21,Return
561108,46775D,SUNSET COLOUR CHUNKY KNITTED THROW,7,0.00,13215,United Kingdom,7/25/2011,11:43,Return
561110,85087,CANDY SPOT CUSHION COVER,16,0.00,13216,United Kingdom,7/25/2011,11:44,Return
561251,DCGS0070,CAMOUFLAGE DOG COLLAR,8,0.00,13225,United Kingdom,7/26/2011,11:51,Return
561354,21792,CLASSIC FRENCH STYLE BASKET GREEN ,8,0.00,13237,United Kingdom,7/26/2011,14:50,Return
561362,84415A,PINK FLOCK SUEDE CUSHION COVER ,11,0.00,13239,United Kingdom,7/26/2011,15:41,Return
561364,84415B,BLUE FLOCK CUSHION COVER ,4,0.00,13240,United Kingdom,7/26/2011,15:42,Return
562855,84800M,MEDIUM WHITE/PINK ROSE ART FLOWER,124,0.00,13361,United Kingdom,8/10/2011,10:16,Return
561475,84584,PINK GINGHAM CAT WITH SCARF,3,0.00,13247,United Kingdom,7/27/2011,13:29,Return
561476,21839,MUMMY MOUSE RED GINGHAM RIBBON,36,0.00,13248,United Kingdom,7/27/2011,13:29,Return
561478,20954,*USB Office Mirror Ball,2,0.00,13250,United Kingdom,7/27/2011,13:32,Return
561479,21594,Dr. Jam's Arouzer Stress Ball,1,0.00,13251,United Kingdom,7/27/2011,13:32,Return
561481,20684,STRAWBERRY DREAM CHILDS UMBRELLA,27,0.00,13253,United Kingdom,7/27/2011,13:38,Return
561487,22168,ORGANISER WOOD ANTIQUE WHITE ,1,0.00,13258,United Kingdom,7/27/2011,13:51,Return
561489,84905,PINK BUTTERFLY CUSHION COVER ,2,0.00,13259,United Kingdom,7/27/2011,13:52,Return
561491,21781,MA CAMPAGNE CUTLERY BOX,2,0.00,13261,United Kingdom,7/27/2011,13:56,Return
561492,22528,GARDENERS KNEELING PAD,1,0.00,13262,United Kingdom,7/27/2011,13:57,Return
561494,18097A,PINK TALL PORCELAIN T-LIGHT HOLDER ,23,0.00,13264,United Kingdom,7/27/2011,14:04,Return
561496,17090D,VANILLA INCENSE 40 CONES IN TIN,10,0.00,13266,United Kingdom,7/27/2011,14:08,Return
561500,85040B,SET/4 BLUE FLOWER CANDLES IN BOWL,1,0.00,13270,United Kingdom,7/27/2011,14:12,Return
561501,21278,VINTAGE KITCHEN PRINT PUDDINGS,1,0.00,13271,United Kingdom,7/27/2011,14:13,Return
561503,22194,BLACK DINER WALL CLOCK,4,0.00,13272,United Kingdom,7/27/2011,14:14,Return
561504,21361,LOVE LARGE WOOD LETTERS ,7,0.00,13273,United Kingdom,7/27/2011,14:15,Return
561505,84925D,LA PALMIERA WALL THERMOMETER,12,0.00,13274,United Kingdom,7/27/2011,14:16,Return
561506,72051S,BAG OF SILVER STONES,1,0.00,13275,United Kingdom,7/27/2011,14:18,Return
561523,20973,12 PENCIL SMALL TUBE WOODLAND,45,0.00,13280,United Kingdom,7/27/2011,17:38,Return
561524,16020C,CLEAR STATIONERY BOX SET ,2,0.00,13281,United Kingdom,7/27/2011,17:39,Return
561525,84466,TOP SECRET PEN SET,1,0.00,13282,United Kingdom,7/27/2011,17:40,Return
561527,20666,ECONOMY HOLIDAY PURSE,5,0.00,13284,United Kingdom,7/27/2011,17:40,Return
561536,84927E,FLOWERS TILE HOOK,2,0.00,13285,United Kingdom,7/28/2011,9:58,Return
561538,84927D,LA PALMIERA TILE HOOK,1,0.00,13286,United Kingdom,7/28/2011,9:58,Return
"561539,79026B,""S/4 ICON COASTER,ELVIS LIVES"",1,0.00,13287,United Kingdom,7/28/2011,10:08,Return"
561540,84279B,CHERRY BLOSSOM DECORATIVE FLASK,1,0.00,13288,United Kingdom,7/28/2011,10:08,Return
561541,21658,GLASS  BEURRE DISH,1,0.00,13289,United Kingdom,7/28/2011,10:09,Return
561543,22202,MILK PAN PINK POLKADOT,1,0.00,13290,United Kingdom,7/28/2011,10:10,Return
561553,21392,RED POLKADOT PUDDING BOWL,29,0.00,13291,United Kingdom,7/28/2011,10:20,Return
561609,47589,CONGRATULATIONS BUNTING,1,0.00,13295,United Kingdom,7/28/2011,12:24,Return
561639,84799,SPRIG LAVENDER ARTIFICIAL FLOWER,346,0.00,13296,United Kingdom,7/28/2011,14:58,Return
561640,84802B,PURPLE ANEMONE ARTIFICIAL FLOWER,125,0.00,13297,United Kingdom,7/28/2011,14:58,Return
561668,44091A,BLUE CRUSOE CHECK LAMPSHADE,2,0.00,13305,United Kingdom,7/28/2011,17:03,Return
561805,23284,DOORMAT KEEP CALM AND COME IN,15,0.00,13309,United Kingdom,7/29/2011,14:42,Return
561918,85127,SMALL SQUARE CUT GLASS CANDLESTICK,6,0.00,13313,United Kingdom,8/1/2011,12:05,Return
561919,85017B,ENVELOPE 50 BLOSSOM IMAGES,188,0.00,13314,United Kingdom,8/1/2011,12:08,Return
561921,22044,CHRISTMAS CARD STACK OF PRESENTS,240,0.00,13316,United Kingdom,8/1/2011,12:11,Return
561924,22042,CHRISTMAS CARD SINGING ANGEL,197,0.00,13317,United Kingdom,8/1/2011,12:27,Return
549462,84910A,PINK PAISLEY CUSHION COVER ,16,0.00,12216,United Kingdom,4/8/2011,14:21,Return
563244,22740,POLKADOT PEN,36,0.00,13384,United Kingdom,8/15/2011,10:49,Return
549470,46775D,SUNSET COLOUR CHUNKY KNITTED THROW,8,0.00,12221,United Kingdom,4/8/2011,14:28,Return
562212,21187,WHITE BELL HONEYCOMB PAPER GARLAND ,97,0.00,13326,United Kingdom,8/3/2011,13:28,Return
562279,21391,Sold as 1 on dotcom,26,0.00,13331,United Kingdom,8/4/2011,10:28,Return
562384,23175,REGENCY MILK JUG PINK ,44,0.00,13336,United Kingdom,8/4/2011,15:41,Return
562385,47559B,TEA TIME OVEN GLOVE,84,0.00,13337,United Kingdom,8/4/2011,15:42,Return
562386,84596L,BISCUITS SMALL BOWL LIGHT BLUE,21,0.00,13338,United Kingdom,8/4/2011,15:43,Return
562390,21246,RED RETROSPOT BIG BOWL,92,0.00,13339,United Kingdom,8/4/2011,16:00,Return
562391,22854,CREAM SWEETHEART EGG HOLDER,40,0.00,13340,United Kingdom,8/4/2011,16:02,Return
562463,85152,HAND OVER THE CHOCOLATE   SIGN ,6,0.00,13343,United Kingdom,8/5/2011,11:30,Return
562464,20701,PINK CAT FLORAL CUSHION COVER ,24,0.00,13344,United Kingdom,8/5/2011,11:31,Return
562544,84920,PINK FLOWER FABRIC PONY,9,0.00,13347,United Kingdom,8/5/2011,15:46,Return
562547,21918,SET 12 KIDS COLOUR  CHALK STICKS,343,0.00,13349,United Kingdom,8/5/2011,15:49,Return
562548,23084,website fixed,84,0.00,13350,United Kingdom,8/5/2011,16:00,Return
562653,21359,RELAX LARGE WOOD LETTERS,30,0.00,13353,United Kingdom,8/8/2011,13:35,Return
562785,21033,taig adjust no stock,455,0.00,13357,United Kingdom,8/9/2011,13:32,Return
563148,21033,taig adjust no stock,37,0.00,13379,United Kingdom,8/12/2011,11:35,Return
563652,22461,SAVOY ART DECO CLOCK,36,0.00,13399,United Kingdom,8/18/2011,10:43,Return
563700,85106,CUT GLASS HEXAGON T-LIGHT HOLDER,553,0.00,13401,United Kingdom,8/18/2011,13:55,Return
563704,37342,POLKADOT COFFEE CUP & SAUCER PINK,66,0.00,13404,United Kingdom,8/18/2011,14:03,Return
563715,90120D,WHITE MURANO TWIST BRACELET,18,0.00,13405,United Kingdom,8/18/2011,16:08,Return
564667,23084,website fixed,400,0.00,13430,United Kingdom,8/26/2011,15:08,Return
565042,85185B,PINK HORSE SOCK PUPPET KIT,27,0.00,13471,United Kingdom,8/31/2011,17:01,Return
